6,4,,1984-11-05,68422,incidence,,,,,,0,Reseau sentinelles
6,4,,1984-11-12,135223,incidence,,,,,,0,Reseau sentinelles
6,4,,1984-11-19,87330,incidence,,,,,,0,Reseau sentinelles
6,4,,1984-11-26,72029,incidence,,,,,,0,Reseau sentinelles
6,4,,1984-12-03,78620,incidence,,,,,,0,Reseau sentinelles
6,4,,1984-12-10,101073,incidence,,,,,,0,Reseau sentinelles
6,4,,1984-12-17,123680,incidence,,,,,,0,Reseau sentinelles
6,4,,1984-12-24,101726,incidence,,,,,,0,Reseau sentinelles
6,4,,1985-01-01,84830,incidence,,,,,,0,Reseau sentinelles
6,4,,1985-01-08,85489,incidence,,,,,,0,Reseau sentinelles
6,4,,1985-01-15,97586,incidence,,,,,,0,Reseau sentinelles
6,4,,1985-01-22,213901,incidence,,,,,,0,Reseau sentinelles
6,4,,1985-01-29,424937,incidence,,,,,,0,Reseau sentinelles
6,4,,1985-02-05,637302,incidence,,,,,,0,Reseau sentinelles
6,4,,1985-02-12,565825,incidence,,,,,,0,Reseau sentinelles
6,4,,1985-02-19,471852,incidence,,,,,,0,Reseau sentinelles
6,4,,1985-02-26,389886,incidence,,,,,,0,Reseau sentinelles
6,4,,1985-03-05,369895,incidence,,,,,,0,Reseau sentinelles
6,4,,1985-03-12,353231,incidence,,,,,,0,Reseau sentinelles
6,4,,1985-03-19,276205,incidence,,,,,,0,Reseau sentinelles
6,4,,1985-03-26,245240,incidence,,,,,,0,Reseau sentinelles
6,4,,1985-04-02,197206,incidence,,,,,,0,Reseau sentinelles
6,4,,1985-04-09,134545,incidence,,,,,,0,Reseau sentinelles
6,4,,1985-04-16,63881,incidence,,,,,,0,Reseau sentinelles
6,4,,1985-04-23,50362,incidence,,,,,,0,Reseau sentinelles
6,4,,1985-04-30,34053,incidence,,,,,,0,Reseau sentinelles
6,4,,1985-05-07,40555,incidence,,,,,,0,Reseau sentinelles
6,4,,1985-05-14,43154,incidence,,,,,,0,Reseau sentinelles
6,4,,1985-05-21,27896,incidence,,,,,,0,Reseau sentinelles
6,4,,1985-05-28,26096,incidence,,,,,,0,Reseau sentinelles
6,4,,1985-06-04,24099,incidence,,,,,,0,Reseau sentinelles
6,4,,1985-06-11,19373,incidence,,,,,,0,Reseau sentinelles
6,4,,1985-06-18,19855,incidence,,,,,,0,Reseau sentinelles
6,4,,1985-06-25,19362,incidence,,,,,,0,Reseau sentinelles
6,4,,1985-07-02,18609,incidence,,,,,,0,Reseau sentinelles
6,4,,1985-07-09,19670,incidence,,,,,,0,Reseau sentinelles
6,4,,1985-07-16,14588,incidence,,,,,,0,Reseau sentinelles
6,4,,1985-07-23,13054,incidence,,,,,,0,Reseau sentinelles
6,4,,1985-07-30,11598,incidence,,,,,,0,Reseau sentinelles
6,4,,1985-08-06,16958,incidence,,,,,,0,Reseau sentinelles
6,4,,1985-08-13,7488,incidence,,,,,,0,Reseau sentinelles
6,4,,1985-08-20,22611,incidence,,,,,,0,Reseau sentinelles
6,4,,1985-08-27,40389,incidence,,,,,,0,Reseau sentinelles
6,4,,1985-09-03,30215,incidence,,,,,,0,Reseau sentinelles
6,4,,1985-09-10,27986,incidence,,,,,,0,Reseau sentinelles
6,4,,1985-09-17,22219,incidence,,,,,,0,Reseau sentinelles
6,4,,1985-09-24,27605,incidence,,,,,,0,Reseau sentinelles
6,4,,1985-10-01,39819,incidence,,,,,,0,Reseau sentinelles
6,4,,1985-10-08,49739,incidence,,,,,,0,Reseau sentinelles
6,4,,1985-10-15,45712,incidence,,,,,,0,Reseau sentinelles
6,4,,1985-10-22,76218,incidence,,,,,,0,Reseau sentinelles
6,4,,1985-10-29,87402,incidence,,,,,,0,Reseau sentinelles
6,4,,1985-11-05,67356,incidence,,,,,,0,Reseau sentinelles
6,4,,1985-11-12,57514,incidence,,,,,,0,Reseau sentinelles
6,4,,1985-11-19,70534,incidence,,,,,,0,Reseau sentinelles
6,4,,1985-11-26,66177,incidence,,,,,,0,Reseau sentinelles
6,4,,1985-12-03,68291,incidence,,,,,,0,Reseau sentinelles
6,4,,1985-12-10,65931,incidence,,,,,,0,Reseau sentinelles
6,4,,1985-12-17,86031,incidence,,,,,,0,Reseau sentinelles
6,4,,1985-12-24,114666,incidence,,,,,,0,Reseau sentinelles
6,4,,1986-01-01,86452,incidence,,,,,,0,Reseau sentinelles
6,4,,1986-01-08,112614,incidence,,,,,,0,Reseau sentinelles
6,4,,1986-01-15,178138,incidence,,,,,,0,Reseau sentinelles
6,4,,1986-01-22,271539,incidence,,,,,,0,Reseau sentinelles
6,4,,1986-01-29,348509,incidence,,,,,,0,Reseau sentinelles
6,4,,1986-02-05,364727,incidence,,,,,,0,Reseau sentinelles
6,4,,1986-02-12,439300,incidence,,,,,,0,Reseau sentinelles
6,4,,1986-02-19,490723,incidence,,,,,,0,Reseau sentinelles
6,4,,1986-02-26,448786,incidence,,,,,,0,Reseau sentinelles
6,4,,1986-03-05,321140,incidence,,,,,,0,Reseau sentinelles
6,4,,1986-03-12,257305,incidence,,,,,,0,Reseau sentinelles
6,4,,1986-03-19,168146,incidence,,,,,,0,Reseau sentinelles
6,4,,1986-03-26,124777,incidence,,,,,,0,Reseau sentinelles
6,4,,1986-04-02,87249,incidence,,,,,,0,Reseau sentinelles
6,4,,1986-04-09,49792,incidence,,,,,,0,Reseau sentinelles
6,4,,1986-04-16,42659,incidence,,,,,,0,Reseau sentinelles
6,4,,1986-04-23,41196,incidence,,,,,,0,Reseau sentinelles
6,4,,1986-04-30,34874,incidence,,,,,,0,Reseau sentinelles
6,4,,1986-05-07,31736,incidence,,,,,,0,Reseau sentinelles
6,4,,1986-05-14,22177,incidence,,,,,,0,Reseau sentinelles
6,4,,1986-05-21,17133,incidence,,,,,,0,Reseau sentinelles
6,4,,1986-05-28,14460,incidence,,,,,,0,Reseau sentinelles
6,4,,1986-06-04,9717,incidence,,,,,,0,Reseau sentinelles
6,4,,1986-06-11,14372,incidence,,,,,,0,Reseau sentinelles
6,4,,1986-06-18,11160,incidence,,,,,,0,Reseau sentinelles
6,4,,1986-06-25,11075,incidence,,,,,,0,Reseau sentinelles
6,4,,1986-07-02,8778,incidence,,,,,,0,Reseau sentinelles
6,4,,1986-07-09,7529,incidence,,,,,,0,Reseau sentinelles
6,4,,1986-07-16,2327,incidence,,,,,,0,Reseau sentinelles
6,4,,1986-07-23,3654,incidence,,,,,,0,Reseau sentinelles
6,4,,1986-07-30,2346,incidence,,,,,,0,Reseau sentinelles
6,4,,1986-08-06,2247,incidence,,,,,,0,Reseau sentinelles
6,4,,1986-08-13,1027,incidence,,,,,,0,Reseau sentinelles
6,4,,1986-08-20,3115,incidence,,,,,,0,Reseau sentinelles
6,4,,1986-08-27,5762,incidence,,,,,,0,Reseau sentinelles
6,4,,1986-09-03,10587,incidence,,,,,,0,Reseau sentinelles
6,4,,1986-09-10,9182,incidence,,,,,,0,Reseau sentinelles
6,4,,1986-09-17,15998,incidence,,,,,,0,Reseau sentinelles
6,4,,1986-09-24,26615,incidence,,,,,,0,Reseau sentinelles
6,4,,1986-10-01,28665,incidence,,,,,,0,Reseau sentinelles
6,4,,1986-10-08,33516,incidence,,,,,,0,Reseau sentinelles
6,4,,1986-10-15,32864,incidence,,,,,,0,Reseau sentinelles
6,4,,1986-10-22,31815,incidence,,,,,,0,Reseau sentinelles
6,4,,1986-10-29,27532,incidence,,,,,,0,Reseau sentinelles
6,4,,1986-11-05,28646,incidence,,,,,,0,Reseau sentinelles
6,4,,1986-11-12,38964,incidence,,,,,,0,Reseau sentinelles
6,4,,1986-11-19,32134,incidence,,,,,,0,Reseau sentinelles
6,4,,1986-11-26,36740,incidence,,,,,,0,Reseau sentinelles
6,4,,1986-12-03,46031,incidence,,,,,,0,Reseau sentinelles
6,4,,1986-12-10,56296,incidence,,,,,,0,Reseau sentinelles
6,4,,1986-12-17,73413,incidence,,,,,,0,Reseau sentinelles
6,4,,1986-12-24,72920,incidence,,,,,,0,Reseau sentinelles
6,4,,1987-01-01,76263,incidence,,,,,,0,Reseau sentinelles
6,4,,1987-01-08,69745,incidence,,,,,,0,Reseau sentinelles
6,4,,1987-01-15,74213,incidence,,,,,,0,Reseau sentinelles
6,4,,1987-01-22,103841,incidence,,,,,,0,Reseau sentinelles
6,4,,1987-01-29,158333,incidence,,,,,,0,Reseau sentinelles
6,4,,1987-02-05,236046,incidence,,,,,,0,Reseau sentinelles
6,4,,1987-02-12,296702,incidence,,,,,,0,Reseau sentinelles
6,4,,1987-02-19,288180,incidence,,,,,,0,Reseau sentinelles
6,4,,1987-02-26,217779,incidence,,,,,,0,Reseau sentinelles
6,4,,1987-03-05,147006,incidence,,,,,,0,Reseau sentinelles
6,4,,1987-03-12,93067,incidence,,,,,,0,Reseau sentinelles
6,4,,1987-03-19,53561,incidence,,,,,,0,Reseau sentinelles
6,4,,1987-03-26,59625,incidence,,,,,,0,Reseau sentinelles
6,4,,1987-04-02,62246,incidence,,,,,,0,Reseau sentinelles
6,4,,1987-04-09,50642,incidence,,,,,,0,Reseau sentinelles
6,4,,1987-04-16,44292,incidence,,,,,,0,Reseau sentinelles
6,4,,1987-04-23,32416,incidence,,,,,,0,Reseau sentinelles
6,4,,1987-04-30,21256,incidence,,,,,,0,Reseau sentinelles
6,4,,1987-05-07,16095,incidence,,,,,,0,Reseau sentinelles
6,4,,1987-05-14,12539,incidence,,,,,,0,Reseau sentinelles
6,4,,1987-05-21,10344,incidence,,,,,,0,Reseau sentinelles
6,4,,1987-05-28,17619,incidence,,,,,,0,Reseau sentinelles
6,4,,1987-06-04,14887,incidence,,,,,,0,Reseau sentinelles
6,4,,1987-06-11,15857,incidence,,,,,,0,Reseau sentinelles
6,4,,1987-06-18,11289,incidence,,,,,,0,Reseau sentinelles
6,4,,1987-06-25,23413,incidence,,,,,,0,Reseau sentinelles
6,4,,1987-07-02,12341,incidence,,,,,,0,Reseau sentinelles
6,4,,1987-07-09,10171,incidence,,,,,,0,Reseau sentinelles
6,4,,1987-07-16,2702,incidence,,,,,,0,Reseau sentinelles
6,4,,1987-07-23,4389,incidence,,,,,,0,Reseau sentinelles
6,4,,1987-07-30,4642,incidence,,,,,,0,Reseau sentinelles
6,4,,1987-08-06,8233,incidence,,,,,,0,Reseau sentinelles
6,4,,1987-08-13,7215,incidence,,,,,,0,Reseau sentinelles
6,4,,1987-08-20,6404,incidence,,,,,,0,Reseau sentinelles
6,4,,1987-08-27,6631,incidence,,,,,,0,Reseau sentinelles
6,4,,1987-09-03,6149,incidence,,,,,,0,Reseau sentinelles
6,4,,1987-09-10,7906,incidence,,,,,,0,Reseau sentinelles
6,4,,1987-09-17,11208,incidence,,,,,,0,Reseau sentinelles
6,4,,1987-09-24,16782,incidence,,,,,,0,Reseau sentinelles
6,4,,1987-10-01,32328,incidence,,,,,,0,Reseau sentinelles
6,4,,1987-10-08,24641,incidence,,,,,,0,Reseau sentinelles
6,4,,1987-10-15,42021,incidence,,,,,,0,Reseau sentinelles
6,4,,1987-10-22,38021,incidence,,,,,,0,Reseau sentinelles
6,4,,1987-10-29,46356,incidence,,,,,,0,Reseau sentinelles
6,4,,1987-11-05,41024,incidence,,,,,,0,Reseau sentinelles
6,4,,1987-11-12,35456,incidence,,,,,,0,Reseau sentinelles
6,4,,1987-11-19,37216,incidence,,,,,,0,Reseau sentinelles
6,4,,1987-11-26,29688,incidence,,,,,,0,Reseau sentinelles
6,4,,1987-12-03,41871,incidence,,,,,,0,Reseau sentinelles
6,4,,1987-12-10,49380,incidence,,,,,,0,Reseau sentinelles
6,4,,1987-12-17,57767,incidence,,,,,,0,Reseau sentinelles
6,4,,1987-12-24,47744,incidence,,,,,,0,Reseau sentinelles
6,4,,1988-01-01,11935,incidence,,,,,,0,Reseau sentinelles
6,4,,1988-01-08,47257,incidence,,,,,,0,Reseau sentinelles
6,4,,1988-01-08,60929,incidence,,,,,,0,Reseau sentinelles
6,4,,1988-01-15,59743,incidence,,,,,,0,Reseau sentinelles
6,4,,1988-01-22,68869,incidence,,,,,,0,Reseau sentinelles
6,4,,1988-01-29,72818,incidence,,,,,,0,Reseau sentinelles
6,4,,1988-02-05,72705,incidence,,,,,,0,Reseau sentinelles
6,4,,1988-02-12,69349,incidence,,,,,,0,Reseau sentinelles
6,4,,1988-02-19,77099,incidence,,,,,,0,Reseau sentinelles
6,4,,1988-02-26,87753,incidence,,,,,,0,Reseau sentinelles
6,4,,1988-03-04,135564,incidence,,,,,,0,Reseau sentinelles
6,4,,1988-03-11,235142,incidence,,,,,,0,Reseau sentinelles
6,4,,1988-03-18,316175,incidence,,,,,,0,Reseau sentinelles
6,4,,1988-03-25,283445,incidence,,,,,,0,Reseau sentinelles
6,4,,1988-04-01,193710,incidence,,,,,,0,Reseau sentinelles
6,4,,1988-04-08,123868,incidence,,,,,,0,Reseau sentinelles
6,4,,1988-04-15,70616,incidence,,,,,,0,Reseau sentinelles
6,4,,1988-04-22,33730,incidence,,,,,,0,Reseau sentinelles
6,4,,1988-04-29,21750,incidence,,,,,,0,Reseau sentinelles
6,4,,1988-05-06,20415,incidence,,,,,,0,Reseau sentinelles
6,4,,1988-05-13,18260,incidence,,,,,,0,Reseau sentinelles
6,4,,1988-05-20,14118,incidence,,,,,,0,Reseau sentinelles
6,4,,1988-05-27,11107,incidence,,,,,,0,Reseau sentinelles
6,4,,1988-06-03,11566,incidence,,,,,,0,Reseau sentinelles
6,4,,1988-06-10,8695,incidence,,,,,,0,Reseau sentinelles
6,4,,1988-06-17,6676,incidence,,,,,,0,Reseau sentinelles
6,4,,1988-06-24,7657,incidence,,,,,,0,Reseau sentinelles
6,4,,1988-07-02,7065,incidence,,,,,,0,Reseau sentinelles
6,4,,1988-07-09,4690,incidence,,,,,,0,Reseau sentinelles
6,4,,1988-07-16,8562,incidence,,,,,,0,Reseau sentinelles
6,4,,1988-07-23,6103,incidence,,,,,,0,Reseau sentinelles
6,4,,1988-07-30,4205,incidence,,,,,,0,Reseau sentinelles
6,4,,1988-08-06,8758,incidence,,,,,,0,Reseau sentinelles
6,4,,1988-08-13,7033,incidence,,,,,,0,Reseau sentinelles
6,4,,1988-08-20,7937,incidence,,,,,,0,Reseau sentinelles
6,4,,1988-08-27,4950,incidence,,,,,,0,Reseau sentinelles
6,4,,1988-09-03,7797,incidence,,,,,,0,Reseau sentinelles
6,4,,1988-09-10,7539,incidence,,,,,,0,Reseau sentinelles
6,4,,1988-09-17,15537,incidence,,,,,,0,Reseau sentinelles
6,4,,1988-09-24,35243,incidence,,,,,,0,Reseau sentinelles
6,4,,1988-10-01,43730,incidence,,,,,,0,Reseau sentinelles
6,4,,1988-10-08,39882,incidence,,,,,,0,Reseau sentinelles
6,4,,1988-10-15,46336,incidence,,,,,,0,Reseau sentinelles
6,4,,1988-10-22,45495,incidence,,,,,,0,Reseau sentinelles
6,4,,1988-10-29,38252,incidence,,,,,,0,Reseau sentinelles
6,4,,1988-11-05,42106,incidence,,,,,,0,Reseau sentinelles
6,4,,1988-11-12,53940,incidence,,,,,,0,Reseau sentinelles
6,4,,1988-11-19,92484,incidence,,,,,,0,Reseau sentinelles
6,4,,1988-11-26,246062,incidence,,,,,,0,Reseau sentinelles
6,4,,1988-12-03,637811,incidence,,,,,,0,Reseau sentinelles
6,4,,1988-12-10,966523,incidence,,,,,,0,Reseau sentinelles
6,4,,1988-12-17,1001824,incidence,,,,,,0,Reseau sentinelles
6,4,,1988-12-24,872748,incidence,,,,,,0,Reseau sentinelles
6,4,,1989-01-01,467971,incidence,,,,,,0,Reseau sentinelles
6,4,,1989-01-08,202266,incidence,,,,,,0,Reseau sentinelles
6,4,,1989-01-15,112284,incidence,,,,,,0,Reseau sentinelles
6,4,,1989-01-22,66010,incidence,,,,,,0,Reseau sentinelles
6,4,,1989-01-29,54942,incidence,,,,,,0,Reseau sentinelles
6,4,,1989-02-05,52840,incidence,,,,,,0,Reseau sentinelles
6,4,,1989-02-12,47844,incidence,,,,,,0,Reseau sentinelles
6,4,,1989-02-19,27277,incidence,,,,,,0,Reseau sentinelles
6,4,,1989-02-26,19746,incidence,,,,,,0,Reseau sentinelles
6,4,,1989-03-05,12895,incidence,,,,,,0,Reseau sentinelles
6,4,,1989-03-12,12387,incidence,,,,,,0,Reseau sentinelles
6,4,,1989-03-19,16633,incidence,,,,,,0,Reseau sentinelles
6,4,,1989-03-26,13419,incidence,,,,,,0,Reseau sentinelles
6,4,,1989-04-02,10564,incidence,,,,,,0,Reseau sentinelles
6,4,,1989-04-09,15230,incidence,,,,,,0,Reseau sentinelles
6,4,,1989-04-16,9667,incidence,,,,,,0,Reseau sentinelles
6,4,,1989-04-23,10908,incidence,,,,,,0,Reseau sentinelles
6,4,,1989-04-30,10949,incidence,,,,,,0,Reseau sentinelles
6,4,,1989-05-07,13452,incidence,,,,,,0,Reseau sentinelles
6,4,,1989-05-14,-,incidence,,,,,,0,Reseau sentinelles
6,4,,1989-05-21,6093,incidence,,,,,,0,Reseau sentinelles
6,4,,1989-05-28,9554,incidence,,,,,,0,Reseau sentinelles
6,4,,1989-06-04,9104,incidence,,,,,,0,Reseau sentinelles
6,4,,1989-06-11,11779,incidence,,,,,,0,Reseau sentinelles
6,4,,1989-06-18,6337,incidence,,,,,,0,Reseau sentinelles
6,4,,1989-06-25,6299,incidence,,,,,,0,Reseau sentinelles
6,4,,1989-07-02,5753,incidence,,,,,,0,Reseau sentinelles
6,4,,1989-07-09,3641,incidence,,,,,,0,Reseau sentinelles
6,4,,1989-07-16,1284,incidence,,,,,,0,Reseau sentinelles
6,4,,1989-07-23,3909,incidence,,,,,,0,Reseau sentinelles
6,4,,1989-07-30,3168,incidence,,,,,,0,Reseau sentinelles
6,4,,1989-08-06,2721,incidence,,,,,,0,Reseau sentinelles
6,4,,1989-08-13,7114,incidence,,,,,,0,Reseau sentinelles
6,4,,1989-08-20,7940,incidence,,,,,,0,Reseau sentinelles
6,4,,1989-08-27,6039,incidence,,,,,,0,Reseau sentinelles
6,4,,1989-09-03,4661,incidence,,,,,,0,Reseau sentinelles
6,4,,1989-09-10,4769,incidence,,,,,,0,Reseau sentinelles
6,4,,1989-09-17,12022,incidence,,,,,,0,Reseau sentinelles
6,4,,1989-09-24,18296,incidence,,,,,,0,Reseau sentinelles
6,4,,1989-10-01,24622,incidence,,,,,,0,Reseau sentinelles
6,4,,1989-10-08,31453,incidence,,,,,,0,Reseau sentinelles
6,4,,1989-10-15,43763,incidence,,,,,,0,Reseau sentinelles
6,4,,1989-10-22,39410,incidence,,,,,,0,Reseau sentinelles
6,4,,1989-10-29,29549,incidence,,,,,,0,Reseau sentinelles
6,4,,1989-11-05,23405,incidence,,,,,,0,Reseau sentinelles
6,4,,1989-11-12,22711,incidence,,,,,,0,Reseau sentinelles
6,4,,1989-11-19,23547,incidence,,,,,,0,Reseau sentinelles
6,4,,1989-11-26,40963,incidence,,,,,,0,Reseau sentinelles
6,4,,1989-12-03,119087,incidence,,,,,,0,Reseau sentinelles
6,4,,1989-12-10,358043,incidence,,,,,,0,Reseau sentinelles
6,4,,1989-12-17,749283,incidence,,,,,,0,Reseau sentinelles
6,4,,1989-12-24,821540,incidence,,,,,,0,Reseau sentinelles
6,4,,1990-01-01,581149,incidence,,,,,,0,Reseau sentinelles
6,4,,1990-01-08,483600,incidence,,,,,,0,Reseau sentinelles
6,4,,1990-01-15,345060,incidence,,,,,,0,Reseau sentinelles
6,4,,1990-01-22,315466,incidence,,,,,,0,Reseau sentinelles
6,4,,1990-01-29,287771,incidence,,,,,,0,Reseau sentinelles
6,4,,1990-02-05,161765,incidence,,,,,,0,Reseau sentinelles
6,4,,1990-02-12,399984,incidence,,,,,,0,Reseau sentinelles
6,4,,1990-02-19,61742,incidence,,,,,,0,Reseau sentinelles
6,4,,1990-02-26,26110,incidence,,,,,,0,Reseau sentinelles
6,4,,1990-03-05,21793,incidence,,,,,,0,Reseau sentinelles
6,4,,1990-03-12,16294,incidence,,,,,,0,Reseau sentinelles
6,4,,1990-03-19,20018,incidence,,,,,,0,Reseau sentinelles
6,4,,1990-03-26,17035,incidence,,,,,,0,Reseau sentinelles
6,4,,1990-04-02,21879,incidence,,,,,,0,Reseau sentinelles
6,4,,1990-04-09,12862,incidence,,,,,,0,Reseau sentinelles
6,4,,1990-04-16,11707,incidence,,,,,,0,Reseau sentinelles
6,4,,1990-04-23,8129,incidence,,,,,,0,Reseau sentinelles
6,4,,1990-04-30,5278,incidence,,,,,,0,Reseau sentinelles
6,4,,1990-05-07,1738,incidence,,,,,,0,Reseau sentinelles
6,4,,1990-05-14,5897,incidence,,,,,,0,Reseau sentinelles
6,4,,1990-05-21,4506,incidence,,,,,,0,Reseau sentinelles
6,4,,1990-05-28,1004,incidence,,,,,,0,Reseau sentinelles
6,4,,1990-06-04,4196,incidence,,,,,,0,Reseau sentinelles
6,4,,1990-06-11,3655,incidence,,,,,,0,Reseau sentinelles
6,4,,1990-06-18,5727,incidence,,,,,,0,Reseau sentinelles
6,4,,1990-06-25,7879,incidence,,,,,,0,Reseau sentinelles
6,4,,1990-07-02,7236,incidence,,,,,,0,Reseau sentinelles
6,4,,1990-07-09,2948,incidence,,,,,,0,Reseau sentinelles
6,4,,1990-07-16,959,incidence,,,,,,0,Reseau sentinelles
6,4,,1990-07-23,1077,incidence,,,,,,0,Reseau sentinelles
6,4,,1990-07-30,425,incidence,,,,,,0,Reseau sentinelles
6,4,,1990-08-06,881,incidence,,,,,,0,Reseau sentinelles
6,4,,1990-08-13,1399,incidence,,,,,,0,Reseau sentinelles
6,4,,1990-08-20,0,incidence,,,,,,0,Reseau sentinelles
6,4,,1990-08-27,201,incidence,,,,,,0,Reseau sentinelles
6,4,,1990-09-03,934,incidence,,,,,,0,Reseau sentinelles
6,4,,1990-09-10,2542,incidence,,,,,,0,Reseau sentinelles
6,4,,1990-09-17,4051,incidence,,,,,,0,Reseau sentinelles
6,4,,1990-09-24,11146,incidence,,,,,,0,Reseau sentinelles
6,4,,1990-10-01,15618,incidence,,,,,,0,Reseau sentinelles
6,4,,1990-10-08,20433,incidence,,,,,,0,Reseau sentinelles
6,4,,1990-10-15,19723,incidence,,,,,,0,Reseau sentinelles
6,4,,1990-10-22,13011,incidence,,,,,,0,Reseau sentinelles
6,4,,1990-10-29,17579,incidence,,,,,,0,Reseau sentinelles
6,4,,1990-11-05,16182,incidence,,,,,,0,Reseau sentinelles
6,4,,1990-11-12,17571,incidence,,,,,,0,Reseau sentinelles
6,4,,1990-11-19,20246,incidence,,,,,,0,Reseau sentinelles
6,4,,1990-11-26,23358,incidence,,,,,,0,Reseau sentinelles
6,4,,1990-12-03,29571,incidence,,,,,,0,Reseau sentinelles
6,4,,1990-12-10,38379,incidence,,,,,,0,Reseau sentinelles
6,4,,1990-12-17,44125,incidence,,,,,,0,Reseau sentinelles
6,4,,1990-12-24,46924,incidence,,,,,,0,Reseau sentinelles
6,4,,1991-01-01,41262,incidence,,,,,,0,Reseau sentinelles
6,4,,1991-01-08,42927,incidence,,,,,,0,Reseau sentinelles
6,4,,1991-01-15,29759,incidence,,,,,,0,Reseau sentinelles
6,4,,1991-01-22,29382,incidence,,,,,,0,Reseau sentinelles
6,4,,1991-01-29,48253,incidence,,,,,,0,Reseau sentinelles
6,4,,1991-02-05,73564,incidence,,,,,,0,Reseau sentinelles
6,4,,1991-02-12,134737,incidence,,,,,,0,Reseau sentinelles
6,4,,1991-02-19,208836,incidence,,,,,,0,Reseau sentinelles
6,4,,1991-02-26,216369,incidence,,,,,,0,Reseau sentinelles
6,4,,1991-03-05,139093,incidence,,,,,,0,Reseau sentinelles
6,4,,1991-03-12,88750,incidence,,,,,,0,Reseau sentinelles
6,4,,1991-03-19,46186,incidence,,,,,,0,Reseau sentinelles
6,4,,1991-03-26,27873,incidence,,,,,,0,Reseau sentinelles
6,4,,1991-04-02,32179,incidence,,,,,,0,Reseau sentinelles
6,4,,1991-04-09,27862,incidence,,,,,,0,Reseau sentinelles
6,4,,1991-04-16,15062,incidence,,,,,,0,Reseau sentinelles
6,4,,1991-04-23,15665,incidence,,,,,,0,Reseau sentinelles
6,4,,1991-04-30,15603,incidence,,,,,,0,Reseau sentinelles
6,4,,1991-05-07,10856,incidence,,,,,,0,Reseau sentinelles
6,4,,1991-05-14,7785,incidence,,,,,,0,Reseau sentinelles
6,4,,1991-05-21,8633,incidence,,,,,,0,Reseau sentinelles
6,4,,1991-05-28,6391,incidence,,,,,,0,Reseau sentinelles
6,4,,1991-06-04,6050,incidence,,,,,,0,Reseau sentinelles
6,4,,1991-06-11,6801,incidence,,,,,,0,Reseau sentinelles
6,4,,1991-06-18,8223,incidence,,,,,,0,Reseau sentinelles
6,4,,1991-06-25,8218,incidence,,,,,,0,Reseau sentinelles
6,4,,1991-07-02,6376,incidence,,,,,,0,Reseau sentinelles
6,4,,1991-07-09,3164,incidence,,,,,,0,Reseau sentinelles
6,4,,1991-07-16,3297,incidence,,,,,,0,Reseau sentinelles
6,4,,1991-07-23,3837,incidence,,,,,,0,Reseau sentinelles
6,4,,1991-07-30,2382,incidence,,,,,,0,Reseau sentinelles
6,4,,1991-08-06,2464,incidence,,,,,,0,Reseau sentinelles
6,4,,1991-08-13,625,incidence,,,,,,0,Reseau sentinelles
6,4,,1991-08-20,1654,incidence,,,,,,0,Reseau sentinelles
6,4,,1991-08-27,2099,incidence,,,,,,0,Reseau sentinelles
6,4,,1991-09-03,2372,incidence,,,,,,0,Reseau sentinelles
6,4,,1991-09-10,2380,incidence,,,,,,0,Reseau sentinelles
6,4,,1991-09-17,2429,incidence,,,,,,0,Reseau sentinelles
6,4,,1991-09-24,7460,incidence,,,,,,0,Reseau sentinelles
6,4,,1991-10-01,14373,incidence,,,,,,0,Reseau sentinelles
6,4,,1991-10-08,26740,incidence,,,,,,0,Reseau sentinelles
6,4,,1991-10-15,28185,incidence,,,,,,0,Reseau sentinelles
6,4,,1991-10-22,27483,incidence,,,,,,0,Reseau sentinelles
6,4,,1991-10-29,28842,incidence,,,,,,0,Reseau sentinelles
6,4,,1991-11-05,21571,incidence,,,,,,0,Reseau sentinelles
6,4,,1991-11-12,19565,incidence,,,,,,0,Reseau sentinelles
6,4,,1991-11-19,23685,incidence,,,,,,0,Reseau sentinelles
6,4,,1991-11-26,35691,incidence,,,,,,0,Reseau sentinelles
6,4,,1991-12-03,45173,incidence,,,,,,0,Reseau sentinelles
6,4,,1991-12-10,93903,incidence,,,,,,0,Reseau sentinelles
6,4,,1991-12-17,198721,incidence,,,,,,0,Reseau sentinelles
6,4,,1991-12-24,378413,incidence,,,,,,0,Reseau sentinelles
6,4,,1992-01-01,349815,incidence,,,,,,0,Reseau sentinelles
6,4,,1992-01-08,247688,incidence,,,,,,0,Reseau sentinelles
6,4,,1992-01-15,185852,incidence,,,,,,0,Reseau sentinelles
6,4,,1992-01-22,137893,incidence,,,,,,0,Reseau sentinelles
6,4,,1992-01-29,147959,incidence,,,,,,0,Reseau sentinelles
6,4,,1992-02-05,165474,incidence,,,,,,0,Reseau sentinelles
6,4,,1992-02-12,112450,incidence,,,,,,0,Reseau sentinelles
6,4,,1992-02-19,57312,incidence,,,,,,0,Reseau sentinelles
6,4,,1992-02-26,37667,incidence,,,,,,0,Reseau sentinelles
6,4,,1992-03-04,26629,incidence,,,,,,0,Reseau sentinelles
6,4,,1992-03-11,19224,incidence,,,,,,0,Reseau sentinelles
6,4,,1992-03-18,11689,incidence,,,,,,0,Reseau sentinelles
6,4,,1992-03-25,11752,incidence,,,,,,0,Reseau sentinelles
6,4,,1992-04-01,11693,incidence,,,,,,0,Reseau sentinelles
6,4,,1992-04-08,11346,incidence,,,,,,0,Reseau sentinelles
6,4,,1992-04-15,8642,incidence,,,,,,0,Reseau sentinelles
6,4,,1992-04-22,5460,incidence,,,,,,0,Reseau sentinelles
6,4,,1992-04-29,3614,incidence,,,,,,0,Reseau sentinelles
6,4,,1992-05-06,3887,incidence,,,,,,0,Reseau sentinelles
6,4,,1992-05-13,2982,incidence,,,,,,0,Reseau sentinelles
6,4,,1992-05-20,4308,incidence,,,,,,0,Reseau sentinelles
6,4,,1992-05-27,5059,incidence,,,,,,0,Reseau sentinelles
6,4,,1992-06-03,4899,incidence,,,,,,0,Reseau sentinelles
6,4,,1992-06-10,3914,incidence,,,,,,0,Reseau sentinelles
6,4,,1992-06-17,5928,incidence,,,,,,0,Reseau sentinelles
6,4,,1992-06-24,5304,incidence,,,,,,0,Reseau sentinelles
6,4,,1992-07-02,5886,incidence,,,,,,0,Reseau sentinelles
6,4,,1992-07-09,5568,incidence,,,,,,0,Reseau sentinelles
6,4,,1992-07-16,4179,incidence,,,,,,0,Reseau sentinelles
6,4,,1992-07-23,3586,incidence,,,,,,0,Reseau sentinelles
6,4,,1992-07-30,3091,incidence,,,,,,0,Reseau sentinelles
6,4,,1992-08-06,4233,incidence,,,,,,0,Reseau sentinelles
6,4,,1992-08-13,4963,incidence,,,,,,0,Reseau sentinelles
6,4,,1992-08-20,4046,incidence,,,,,,0,Reseau sentinelles
6,4,,1992-08-27,2953,incidence,,,,,,0,Reseau sentinelles
6,4,,1992-09-03,6383,incidence,,,,,,0,Reseau sentinelles
6,4,,1992-09-10,5155,incidence,,,,,,0,Reseau sentinelles
6,4,,1992-09-17,7480,incidence,,,,,,0,Reseau sentinelles
6,4,,1992-09-24,9837,incidence,,,,,,0,Reseau sentinelles
6,4,,1992-10-01,13535,incidence,,,,,,0,Reseau sentinelles
6,4,,1992-10-08,17593,incidence,,,,,,0,Reseau sentinelles
6,4,,1992-10-15,24091,incidence,,,,,,0,Reseau sentinelles
6,4,,1992-10-22,29980,incidence,,,,,,0,Reseau sentinelles
6,4,,1992-10-29,24969,incidence,,,,,,0,Reseau sentinelles
6,4,,1992-11-05,27619,incidence,,,,,,0,Reseau sentinelles
6,4,,1992-11-12,22023,incidence,,,,,,0,Reseau sentinelles
6,4,,1992-11-19,22758,incidence,,,,,,0,Reseau sentinelles
6,4,,1992-11-26,26276,incidence,,,,,,0,Reseau sentinelles
6,4,,1992-12-03,32392,incidence,,,,,,0,Reseau sentinelles
6,4,,1992-12-10,39146,incidence,,,,,,0,Reseau sentinelles
6,4,,1992-12-17,40100,incidence,,,,,,0,Reseau sentinelles
6,4,,1992-12-24,41156,incidence,,,,,,0,Reseau sentinelles
6,4,,1993-01-01,49588,incidence,,,,,,0,Reseau sentinelles
6,4,,1993-01-08,56622,incidence,,,,,,0,Reseau sentinelles
6,4,,1993-01-08,75288,incidence,,,,,,0,Reseau sentinelles
6,4,,1993-01-15,90269,incidence,,,,,,0,Reseau sentinelles
6,4,,1993-01-22,147854,incidence,,,,,,0,Reseau sentinelles
6,4,,1993-01-29,193107,incidence,,,,,,0,Reseau sentinelles
6,4,,1993-02-05,255890,incidence,,,,,,0,Reseau sentinelles
6,4,,1993-02-12,286939,incidence,,,,,,0,Reseau sentinelles
6,4,,1993-02-19,248494,incidence,,,,,,0,Reseau sentinelles
6,4,,1993-02-26,222932,incidence,,,,,,0,Reseau sentinelles
6,4,,1993-03-05,184150,incidence,,,,,,0,Reseau sentinelles
6,4,,1993-03-12,127910,incidence,,,,,,0,Reseau sentinelles
6,4,,1993-03-19,80548,incidence,,,,,,0,Reseau sentinelles
6,4,,1993-03-26,63493,incidence,,,,,,0,Reseau sentinelles
6,4,,1993-04-02,62987,incidence,,,,,,0,Reseau sentinelles
6,4,,1993-04-09,38266,incidence,,,,,,0,Reseau sentinelles
6,4,,1993-04-16,22181,incidence,,,,,,0,Reseau sentinelles
6,4,,1993-04-23,24932,incidence,,,,,,0,Reseau sentinelles
6,4,,1993-04-30,8111,incidence,,,,,,0,Reseau sentinelles
6,4,,1993-05-07,5027,incidence,,,,,,0,Reseau sentinelles
6,4,,1993-05-14,4593,incidence,,,,,,0,Reseau sentinelles
6,4,,1993-05-21,5137,incidence,,,,,,0,Reseau sentinelles
6,4,,1993-05-28,5942,incidence,,,,,,0,Reseau sentinelles
6,4,,1993-06-04,3432,incidence,,,,,,0,Reseau sentinelles
6,4,,1993-06-11,7424,incidence,,,,,,0,Reseau sentinelles
6,4,,1993-06-18,6624,incidence,,,,,,0,Reseau sentinelles
6,4,,1993-06-25,8348,incidence,,,,,,0,Reseau sentinelles
6,4,,1993-07-02,3048,incidence,,,,,,0,Reseau sentinelles
6,4,,1993-07-09,2574,incidence,,,,,,0,Reseau sentinelles
6,4,,1993-07-16,1774,incidence,,,,,,0,Reseau sentinelles
6,4,,1993-07-23,3714,incidence,,,,,,0,Reseau sentinelles
6,4,,1993-07-30,4055,incidence,,,,,,0,Reseau sentinelles
6,4,,1993-08-06,4163,incidence,,,,,,0,Reseau sentinelles
6,4,,1993-08-13,3755,incidence,,,,,,0,Reseau sentinelles
6,4,,1993-08-20,3217,incidence,,,,,,0,Reseau sentinelles
6,4,,1993-08-27,2984,incidence,,,,,,0,Reseau sentinelles
6,4,,1993-09-03,5589,incidence,,,,,,0,Reseau sentinelles
6,4,,1993-09-10,4361,incidence,,,,,,0,Reseau sentinelles
6,4,,1993-09-17,7023,incidence,,,,,,0,Reseau sentinelles
6,4,,1993-09-24,10492,incidence,,,,,,0,Reseau sentinelles
6,4,,1993-10-01,14783,incidence,,,,,,0,Reseau sentinelles
6,4,,1993-10-08,13805,incidence,,,,,,0,Reseau sentinelles
6,4,,1993-10-15,18285,incidence,,,,,,0,Reseau sentinelles
6,4,,1993-10-22,19187,incidence,,,,,,0,Reseau sentinelles
6,4,,1993-10-29,15098,incidence,,,,,,0,Reseau sentinelles
6,4,,1993-11-05,17832,incidence,,,,,,0,Reseau sentinelles
6,4,,1993-11-12,32289,incidence,,,,,,0,Reseau sentinelles
6,4,,1993-11-19,76034,incidence,,,,,,0,Reseau sentinelles
6,4,,1993-11-26,241371,incidence,,,,,,0,Reseau sentinelles
6,4,,1993-12-03,527582,incidence,,,,,,0,Reseau sentinelles
6,4,,1993-12-10,898045,incidence,,,,,,0,Reseau sentinelles
6,4,,1993-12-17,627639,incidence,,,,,,0,Reseau sentinelles
6,4,,1993-12-24,377472,incidence,,,,,,0,Reseau sentinelles
6,4,,1994-01-01,233137,incidence,,,,,,0,Reseau sentinelles
6,4,,1994-01-08,118119,incidence,,,,,,0,Reseau sentinelles
6,4,,1994-01-15,47402,incidence,,,,,,0,Reseau sentinelles
6,4,,1994-01-22,29882,incidence,,,,,,0,Reseau sentinelles
6,4,,1994-01-29,23712,incidence,,,,,,0,Reseau sentinelles
6,4,,1994-02-05,18489,incidence,,,,,,0,Reseau sentinelles
6,4,,1994-02-12,17308,incidence,,,,,,0,Reseau sentinelles
6,4,,1994-02-19,14639,incidence,,,,,,0,Reseau sentinelles
6,4,,1994-02-26,9539,incidence,,,,,,0,Reseau sentinelles
6,4,,1994-03-05,5635,incidence,,,,,,0,Reseau sentinelles
6,4,,1994-03-12,4548,incidence,,,,,,0,Reseau sentinelles
6,4,,1994-03-19,5399,incidence,,,,,,0,Reseau sentinelles
6,4,,1994-03-26,4305,incidence,,,,,,0,Reseau sentinelles
6,4,,1994-04-02,3343,incidence,,,,,,0,Reseau sentinelles
6,4,,1994-04-09,4671,incidence,,,,,,0,Reseau sentinelles
6,4,,1994-04-16,6952,incidence,,,,,,0,Reseau sentinelles
6,4,,1994-04-23,5156,incidence,,,,,,0,Reseau sentinelles
6,4,,1994-04-30,2288,incidence,,,,,,0,Reseau sentinelles
6,4,,1994-05-07,3705,incidence,,,,,,0,Reseau sentinelles
6,4,,1994-05-14,1483,incidence,,,,,,0,Reseau sentinelles
6,4,,1994-05-21,2217,incidence,,,,,,0,Reseau sentinelles
6,4,,1994-05-28,2197,incidence,,,,,,0,Reseau sentinelles
6,4,,1994-06-04,845,incidence,,,,,,0,Reseau sentinelles
6,4,,1994-06-11,6440,incidence,,,,,,0,Reseau sentinelles
6,4,,1994-06-18,6288,incidence,,,,,,0,Reseau sentinelles
6,4,,1994-06-25,5431,incidence,,,,,,0,Reseau sentinelles
6,4,,1994-07-02,990,incidence,,,,,,0,Reseau sentinelles
6,4,,1994-07-09,713,incidence,,,,,,0,Reseau sentinelles
6,4,,1994-07-16,1581,incidence,,,,,,0,Reseau sentinelles
6,4,,1994-07-23,1188,incidence,,,,,,0,Reseau sentinelles
6,4,,1994-07-30,2100,incidence,,,,,,0,Reseau sentinelles
6,4,,1994-08-06,5027,incidence,,,,,,0,Reseau sentinelles
6,4,,1994-08-13,4786,incidence,,,,,,0,Reseau sentinelles
6,4,,1994-08-20,4272,incidence,,,,,,0,Reseau sentinelles
6,4,,1994-08-27,3459,incidence,,,,,,0,Reseau sentinelles
6,4,,1994-09-03,4556,incidence,,,,,,0,Reseau sentinelles
6,4,,1994-09-10,2806,incidence,,,,,,0,Reseau sentinelles
6,4,,1994-09-17,5949,incidence,,,,,,0,Reseau sentinelles
6,4,,1994-09-24,15366,incidence,,,,,,0,Reseau sentinelles
6,4,,1994-10-01,15878,incidence,,,,,,0,Reseau sentinelles
6,4,,1994-10-08,15962,incidence,,,,,,0,Reseau sentinelles
6,4,,1994-10-15,14073,incidence,,,,,,0,Reseau sentinelles
6,4,,1994-10-22,14406,incidence,,,,,,0,Reseau sentinelles
6,4,,1994-10-29,11254,incidence,,,,,,0,Reseau sentinelles
6,4,,1994-11-05,11307,incidence,,,,,,0,Reseau sentinelles
6,4,,1994-11-12,12152,incidence,,,,,,0,Reseau sentinelles
6,4,,1994-11-19,14252,incidence,,,,,,0,Reseau sentinelles
6,4,,1994-11-26,15206,incidence,,,,,,0,Reseau sentinelles
6,4,,1994-12-03,18487,incidence,,,,,,0,Reseau sentinelles
6,4,,1994-12-10,21161,incidence,,,,,,0,Reseau sentinelles
6,4,,1994-12-17,28831,incidence,,,,,,0,Reseau sentinelles
6,4,,1994-12-24,26912,incidence,,,,,,0,Reseau sentinelles
6,4,,1995-01-01,22036,incidence,,,,,,0,Reseau sentinelles
6,4,,1995-01-08,26556,incidence,,,,,,0,Reseau sentinelles
6,4,,1995-01-15,23480,incidence,,,,,,0,Reseau sentinelles
6,4,,1995-01-22,24844,incidence,,,,,,0,Reseau sentinelles
6,4,,1995-01-29,27643,incidence,,,,,,0,Reseau sentinelles
6,4,,1995-02-05,27876,incidence,,,,,,0,Reseau sentinelles
6,4,,1995-02-12,37351,incidence,,,,,,0,Reseau sentinelles
6,4,,1995-02-19,30550,incidence,,,,,,0,Reseau sentinelles
6,4,,1995-02-26,38008,incidence,,,,,,0,Reseau sentinelles
6,4,,1995-03-05,39696,incidence,,,,,,0,Reseau sentinelles
6,4,,1995-03-12,49387,incidence,,,,,,0,Reseau sentinelles
6,4,,1995-03-19,81730,incidence,,,,,,0,Reseau sentinelles
6,4,,1995-03-26,122434,incidence,,,,,,0,Reseau sentinelles
6,4,,1995-04-02,209839,incidence,,,,,,0,Reseau sentinelles
6,4,,1995-04-09,248704,incidence,,,,,,0,Reseau sentinelles
6,4,,1995-04-16,181007,incidence,,,,,,0,Reseau sentinelles
6,4,,1995-04-23,140488,incidence,,,,,,0,Reseau sentinelles
6,4,,1995-04-30,88640,incidence,,,,,,0,Reseau sentinelles
6,4,,1995-05-07,39231,incidence,,,,,,0,Reseau sentinelles
6,4,,1995-05-14,26261,incidence,,,,,,0,Reseau sentinelles
6,4,,1995-05-21,18846,incidence,,,,,,0,Reseau sentinelles
6,4,,1995-05-28,11931,incidence,,,,,,0,Reseau sentinelles
6,4,,1995-06-04,14124,incidence,,,,,,0,Reseau sentinelles
6,4,,1995-06-11,13820,incidence,,,,,,0,Reseau sentinelles
6,4,,1995-06-18,8058,incidence,,,,,,0,Reseau sentinelles
6,4,,1995-06-25,4571,incidence,,,,,,0,Reseau sentinelles
6,4,,1995-07-02,4986,incidence,,,,,,0,Reseau sentinelles
6,4,,1995-07-09,4853,incidence,,,,,,0,Reseau sentinelles
6,4,,1995-07-16,3312,incidence,,,,,,0,Reseau sentinelles
6,4,,1995-07-23,2148,incidence,,,,,,0,Reseau sentinelles
6,4,,1995-07-30,1898,incidence,,,,,,0,Reseau sentinelles
6,4,,1995-08-06,1946,incidence,,,,,,0,Reseau sentinelles
6,4,,1995-08-13,700,incidence,,,,,,0,Reseau sentinelles
6,4,,1995-08-20,905,incidence,,,,,,0,Reseau sentinelles
6,4,,1995-08-27,1887,incidence,,,,,,0,Reseau sentinelles
6,4,,1995-09-03,2496,incidence,,,,,,0,Reseau sentinelles
6,4,,1995-09-10,3659,incidence,,,,,,0,Reseau sentinelles
6,4,,1995-09-17,4895,incidence,,,,,,0,Reseau sentinelles
6,4,,1995-09-24,13123,incidence,,,,,,0,Reseau sentinelles
6,4,,1995-10-01,18499,incidence,,,,,,0,Reseau sentinelles
6,4,,1995-10-08,16245,incidence,,,,,,0,Reseau sentinelles
6,4,,1995-10-15,14980,incidence,,,,,,0,Reseau sentinelles
6,4,,1995-10-22,15178,incidence,,,,,,0,Reseau sentinelles
6,4,,1995-10-29,16188,incidence,,,,,,0,Reseau sentinelles
6,4,,1995-11-05,13168,incidence,,,,,,0,Reseau sentinelles
6,4,,1995-11-12,29791,incidence,,,,,,0,Reseau sentinelles
6,4,,1995-11-19,62380,incidence,,,,,,0,Reseau sentinelles
6,4,,1995-11-26,120472,incidence,,,,,,0,Reseau sentinelles
6,4,,1995-12-03,206446,incidence,,,,,,0,Reseau sentinelles
6,4,,1995-12-10,375500,incidence,,,,,,0,Reseau sentinelles
6,4,,1995-12-17,604926,incidence,,,,,,0,Reseau sentinelles
6,4,,1995-12-24,749988,incidence,,,,,,0,Reseau sentinelles
6,4,,1996-01-01,397122,incidence,,,,,,0,Reseau sentinelles
6,4,,1996-01-08,223830,incidence,,,,,,0,Reseau sentinelles
6,4,,1996-01-15,105606,incidence,,,,,,0,Reseau sentinelles
6,4,,1996-01-22,54691,incidence,,,,,,0,Reseau sentinelles
6,4,,1996-01-29,43359,incidence,,,,,,0,Reseau sentinelles
6,4,,1996-02-05,25275,incidence,,,,,,0,Reseau sentinelles
6,4,,1996-02-12,21810,incidence,,,,,,0,Reseau sentinelles
6,4,,1996-02-19,23041,incidence,,,,,,0,Reseau sentinelles
6,4,,1996-02-26,19046,incidence,,,,,,0,Reseau sentinelles
6,4,,1996-03-04,19594,incidence,,,,,,0,Reseau sentinelles
6,4,,1996-03-11,20910,incidence,,,,,,0,Reseau sentinelles
6,4,,1996-03-18,24427,incidence,,,,,,0,Reseau sentinelles
6,4,,1996-03-25,31818,incidence,,,,,,0,Reseau sentinelles
6,4,,1996-04-01,30622,incidence,,,,,,0,Reseau sentinelles
6,4,,1996-04-08,44414,incidence,,,,,,0,Reseau sentinelles
6,4,,1996-04-15,51703,incidence,,,,,,0,Reseau sentinelles
6,4,,1996-04-22,29313,incidence,,,,,,0,Reseau sentinelles
6,4,,1996-04-29,24954,incidence,,,,,,0,Reseau sentinelles
6,4,,1996-05-06,18338,incidence,,,,,,0,Reseau sentinelles
6,4,,1996-05-13,11898,incidence,,,,,,0,Reseau sentinelles
6,4,,1996-05-20,10619,incidence,,,,,,0,Reseau sentinelles
6,4,,1996-05-27,7042,incidence,,,,,,0,Reseau sentinelles
6,4,,1996-06-03,4005,incidence,,,,,,0,Reseau sentinelles
6,4,,1996-06-10,2819,incidence,,,,,,0,Reseau sentinelles
6,4,,1996-06-17,2490,incidence,,,,,,0,Reseau sentinelles
6,4,,1996-06-24,2308,incidence,,,,,,0,Reseau sentinelles
6,4,,1996-07-02,2871,incidence,,,,,,0,Reseau sentinelles
6,4,,1996-07-09,4456,incidence,,,,,,0,Reseau sentinelles
6,4,,1996-07-16,3109,incidence,,,,,,0,Reseau sentinelles
6,4,,1996-07-23,1559,incidence,,,,,,0,Reseau sentinelles
6,4,,1996-07-30,2992,incidence,,,,,,0,Reseau sentinelles
6,4,,1996-08-06,3010,incidence,,,,,,0,Reseau sentinelles
6,4,,1996-08-13,1453,incidence,,,,,,0,Reseau sentinelles
6,4,,1996-08-20,540,incidence,,,,,,0,Reseau sentinelles
6,4,,1996-08-27,1273,incidence,,,,,,0,Reseau sentinelles
6,4,,1996-09-03,1674,incidence,,,,,,0,Reseau sentinelles
6,4,,1996-09-10,1122,incidence,,,,,,0,Reseau sentinelles
6,4,,1996-09-17,2925,incidence,,,,,,0,Reseau sentinelles
6,4,,1996-09-24,9470,incidence,,,,,,0,Reseau sentinelles
6,4,,1996-10-01,8377,incidence,,,,,,0,Reseau sentinelles
6,4,,1996-10-08,10765,incidence,,,,,,0,Reseau sentinelles
6,4,,1996-10-15,9918,incidence,,,,,,0,Reseau sentinelles
6,4,,1996-10-22,11929,incidence,,,,,,0,Reseau sentinelles
6,4,,1996-10-29,12971,incidence,,,,,,0,Reseau sentinelles
6,4,,1996-11-05,10753,incidence,,,,,,0,Reseau sentinelles
6,4,,1996-11-12,25551,incidence,,,,,,0,Reseau sentinelles
6,4,,1996-11-19,32138,incidence,,,,,,0,Reseau sentinelles
6,4,,1996-11-26,71980,incidence,,,,,,0,Reseau sentinelles
6,4,,1996-12-03,195568,incidence,,,,,,0,Reseau sentinelles
6,4,,1996-12-10,411498,incidence,,,,,,0,Reseau sentinelles
6,4,,1996-12-17,535205,incidence,,,,,,0,Reseau sentinelles
6,4,,1996-12-24,640627,incidence,,,,,,0,Reseau sentinelles
6,4,,1997-01-01,388201,incidence,,,,,,0,Reseau sentinelles
6,4,,1997-01-08,280440,incidence,,,,,,0,Reseau sentinelles
6,4,,1997-01-15,211578,incidence,,,,,,0,Reseau sentinelles
6,4,,1997-01-22,143844,incidence,,,,,,0,Reseau sentinelles
6,4,,1997-01-29,96896,incidence,,,,,,0,Reseau sentinelles
6,4,,1997-02-05,95900,incidence,,,,,,0,Reseau sentinelles
6,4,,1997-02-12,76906,incidence,,,,,,0,Reseau sentinelles
6,4,,1997-02-19,70876,incidence,,,,,,0,Reseau sentinelles
6,4,,1997-02-26,55445,incidence,,,,,,0,Reseau sentinelles
6,4,,1997-03-05,29860,incidence,,,,,,0,Reseau sentinelles
6,4,,1997-03-12,21903,incidence,,,,,,0,Reseau sentinelles
6,4,,1997-03-19,19988,incidence,,,,,,0,Reseau sentinelles
6,4,,1997-03-26,17199,incidence,,,,,,0,Reseau sentinelles
6,4,,1997-04-02,18032,incidence,,,,,,0,Reseau sentinelles
6,4,,1997-04-09,13602,incidence,,,,,,0,Reseau sentinelles
6,4,,1997-04-16,9516,incidence,,,,,,0,Reseau sentinelles
6,4,,1997-04-23,12169,incidence,,,,,,0,Reseau sentinelles
6,4,,1997-04-30,14236,incidence,,,,,,0,Reseau sentinelles
6,4,,1997-05-07,5246,incidence,,,,,,0,Reseau sentinelles
6,4,,1997-05-14,4646,incidence,,,,,,0,Reseau sentinelles
6,4,,1997-05-21,3257,incidence,,,,,,0,Reseau sentinelles
6,4,,1997-05-28,2108,incidence,,,,,,0,Reseau sentinelles
6,4,,1997-06-04,2283,incidence,,,,,,0,Reseau sentinelles
6,4,,1997-06-11,4709,incidence,,,,,,0,Reseau sentinelles
6,4,,1997-06-18,4696,incidence,,,,,,0,Reseau sentinelles
6,4,,1997-06-25,4012,incidence,,,,,,0,Reseau sentinelles
6,4,,1997-07-02,5582,incidence,,,,,,0,Reseau sentinelles
6,4,,1997-07-09,2540,incidence,,,,,,0,Reseau sentinelles
6,4,,1997-07-16,1560,incidence,,,,,,0,Reseau sentinelles
6,4,,1997-07-23,1973,incidence,,,,,,0,Reseau sentinelles
6,4,,1997-07-30,2116,incidence,,,,,,0,Reseau sentinelles
6,4,,1997-08-06,1386,incidence,,,,,,0,Reseau sentinelles
6,4,,1997-08-13,2086,incidence,,,,,,0,Reseau sentinelles
6,4,,1997-08-20,1799,incidence,,,,,,0,Reseau sentinelles
6,4,,1997-08-27,3226,incidence,,,,,,0,Reseau sentinelles
6,4,,1997-09-03,1842,incidence,,,,,,0,Reseau sentinelles
6,4,,1997-09-10,5131,incidence,,,,,,0,Reseau sentinelles
6,4,,1997-09-17,4542,incidence,,,,,,0,Reseau sentinelles
6,4,,1997-09-24,3231,incidence,,,,,,0,Reseau sentinelles
6,4,,1997-10-01,10189,incidence,,,,,,0,Reseau sentinelles
6,4,,1997-10-08,13292,incidence,,,,,,0,Reseau sentinelles
6,4,,1997-10-15,16933,incidence,,,,,,0,Reseau sentinelles
6,4,,1997-10-22,15340,incidence,,,,,,0,Reseau sentinelles
6,4,,1997-10-29,16707,incidence,,,,,,0,Reseau sentinelles
6,4,,1997-11-05,19770,incidence,,,,,,0,Reseau sentinelles
6,4,,1997-11-12,18202,incidence,,,,,,0,Reseau sentinelles
6,4,,1997-11-19,8073,incidence,,,,,,0,Reseau sentinelles
6,4,,1997-11-26,11059,incidence,,,,,,0,Reseau sentinelles
6,4,,1997-12-03,11507,incidence,,,,,,0,Reseau sentinelles
6,4,,1997-12-10,15978,incidence,,,,,,0,Reseau sentinelles
6,4,,1997-12-17,33527,incidence,,,,,,0,Reseau sentinelles
6,4,,1997-12-24,34924,incidence,,,,,,0,Reseau sentinelles
6,4,,1998-01-01,29039,incidence,,,,,,0,Reseau sentinelles
6,4,,1998-01-08,24809,incidence,,,,,,0,Reseau sentinelles
6,4,,1998-01-15,31143,incidence,,,,,,0,Reseau sentinelles
6,4,,1998-01-22,23900,incidence,,,,,,0,Reseau sentinelles
6,4,,1998-01-29,30005,incidence,,,,,,0,Reseau sentinelles
6,4,,1998-02-05,45180,incidence,,,,,,0,Reseau sentinelles
6,4,,1998-02-12,88217,incidence,,,,,,0,Reseau sentinelles
6,4,,1998-02-19,190187,incidence,,,,,,0,Reseau sentinelles
6,4,,1998-02-26,271362,incidence,,,,,,0,Reseau sentinelles
6,4,,1998-03-05,227553,incidence,,,,,,0,Reseau sentinelles
6,4,,1998-03-12,202354,incidence,,,,,,0,Reseau sentinelles
6,4,,1998-03-19,220578,incidence,,,,,,0,Reseau sentinelles
6,4,,1998-03-26,263585,incidence,,,,,,0,Reseau sentinelles
6,4,,1998-04-02,298212,incidence,,,,,,0,Reseau sentinelles
6,4,,1998-04-09,319092,incidence,,,,,,0,Reseau sentinelles
6,4,,1998-04-16,171603,incidence,,,,,,0,Reseau sentinelles
6,4,,1998-04-23,123195,incidence,,,,,,0,Reseau sentinelles
6,4,,1998-04-30,61148,incidence,,,,,,0,Reseau sentinelles
6,4,,1998-05-07,31612,incidence,,,,,,0,Reseau sentinelles
6,4,,1998-05-14,24118,incidence,,,,,,0,Reseau sentinelles
6,4,,1998-05-21,12129,incidence,,,,,,0,Reseau sentinelles
6,4,,1998-05-28,4751,incidence,,,,,,0,Reseau sentinelles
6,4,,1998-06-04,5181,incidence,,,,,,0,Reseau sentinelles
6,4,,1998-06-11,8553,incidence,,,,,,0,Reseau sentinelles
6,4,,1998-06-18,16263,incidence,,,,,,0,Reseau sentinelles
6,4,,1998-06-25,18246,incidence,,,,,,0,Reseau sentinelles
6,4,,1998-07-02,10415,incidence,,,,,,0,Reseau sentinelles
6,4,,1998-07-09,12358,incidence,,,,,,0,Reseau sentinelles
6,4,,1998-07-16,9577,incidence,,,,,,0,Reseau sentinelles
6,4,,1998-07-23,6486,incidence,,,,,,0,Reseau sentinelles
6,4,,1998-07-30,5309,incidence,,,,,,0,Reseau sentinelles
6,4,,1998-08-06,12147,incidence,,,,,,0,Reseau sentinelles
6,4,,1998-08-13,1308,incidence,,,,,,0,Reseau sentinelles
6,4,,1998-08-20,2934,incidence,,,,,,0,Reseau sentinelles
6,4,,1998-08-27,3853,incidence,,,,,,0,Reseau sentinelles
6,4,,1998-09-03,2491,incidence,,,,,,0,Reseau sentinelles
6,4,,1998-09-10,3033,incidence,,,,,,0,Reseau sentinelles
6,4,,1998-09-17,6968,incidence,,,,,,0,Reseau sentinelles
6,4,,1998-09-24,10837,incidence,,,,,,0,Reseau sentinelles
6,4,,1998-10-01,17075,incidence,,,,,,0,Reseau sentinelles
6,4,,1998-10-08,20235,incidence,,,,,,0,Reseau sentinelles
6,4,,1998-10-15,24196,incidence,,,,,,0,Reseau sentinelles
6,4,,1998-10-22,18885,incidence,,,,,,0,Reseau sentinelles
6,4,,1998-10-29,12180,incidence,,,,,,0,Reseau sentinelles
6,4,,1998-11-05,12631,incidence,,,,,,0,Reseau sentinelles
6,4,,1998-11-12,13021,incidence,,,,,,0,Reseau sentinelles
6,4,,1998-11-19,13804,incidence,,,,,,0,Reseau sentinelles
6,4,,1998-11-26,14505,incidence,,,,,,0,Reseau sentinelles
6,4,,1998-12-03,22636,incidence,,,,,,0,Reseau sentinelles
6,4,,1998-12-10,33385,incidence,,,,,,0,Reseau sentinelles
6,4,,1998-12-17,54775,incidence,,,,,,0,Reseau sentinelles
6,4,,1998-12-24,78179,incidence,,,,,,0,Reseau sentinelles
6,4,,1999-01-01,72373,incidence,,,,,,0,Reseau sentinelles
6,4,,1999-01-08,107611,incidence,,,,,,0,Reseau sentinelles
6,4,,1999-01-08,130133,incidence,,,,,,0,Reseau sentinelles
6,4,,1999-01-15,160657,incidence,,,,,,0,Reseau sentinelles
6,4,,1999-01-22,242388,incidence,,,,,,0,Reseau sentinelles
6,4,,1999-01-29,368514,incidence,,,,,,0,Reseau sentinelles
6,4,,1999-02-05,476884,incidence,,,,,,0,Reseau sentinelles
6,4,,1999-02-12,493908,incidence,,,,,,0,Reseau sentinelles
6,4,,1999-02-19,524136,incidence,,,,,,0,Reseau sentinelles
6,4,,1999-02-26,313293,incidence,,,,,,0,Reseau sentinelles
6,4,,1999-03-05,207450,incidence,,,,,,0,Reseau sentinelles
6,4,,1999-03-12,147976,incidence,,,,,,0,Reseau sentinelles
6,4,,1999-03-19,91329,incidence,,,,,,0,Reseau sentinelles
6,4,,1999-03-26,58090,incidence,,,,,,0,Reseau sentinelles
6,4,,1999-04-02,38453,incidence,,,,,,0,Reseau sentinelles
6,4,,1999-04-09,18730,incidence,,,,,,0,Reseau sentinelles
6,4,,1999-04-16,11535,incidence,,,,,,0,Reseau sentinelles
6,4,,1999-04-23,7539,incidence,,,,,,0,Reseau sentinelles
6,4,,1999-04-30,2904,incidence,,,,,,0,Reseau sentinelles
6,4,,1999-05-07,3057,incidence,,,,,,0,Reseau sentinelles
6,4,,1999-05-14,6241,incidence,,,,,,0,Reseau sentinelles
6,4,,1999-05-21,6073,incidence,,,,,,0,Reseau sentinelles
6,4,,1999-05-28,4180,incidence,,,,,,0,Reseau sentinelles
6,4,,1999-06-04,4404,incidence,,,,,,0,Reseau sentinelles
6,4,,1999-06-11,5370,incidence,,,,,,0,Reseau sentinelles
6,4,,1999-06-18,4327,incidence,,,,,,0,Reseau sentinelles
6,4,,1999-06-25,5302,incidence,,,,,,0,Reseau sentinelles
6,4,,1999-07-02,3459,incidence,,,,,,0,Reseau sentinelles
6,4,,1999-07-09,5004,incidence,,,,,,0,Reseau sentinelles
6,4,,1999-07-16,3731,incidence,,,,,,0,Reseau sentinelles
6,4,,1999-07-23,3983,incidence,,,,,,0,Reseau sentinelles
6,4,,1999-07-30,1478,incidence,,,,,,0,Reseau sentinelles
6,4,,1999-08-06,2640,incidence,,,,,,0,Reseau sentinelles
6,4,,1999-08-13,7149,incidence,,,,,,0,Reseau sentinelles
6,4,,1999-08-20,9757,incidence,,,,,,0,Reseau sentinelles
6,4,,1999-08-27,7600,incidence,,,,,,0,Reseau sentinelles
6,4,,1999-09-03,3334,incidence,,,,,,0,Reseau sentinelles
6,4,,1999-09-10,8191,incidence,,,,,,0,Reseau sentinelles
6,4,,1999-09-17,7543,incidence,,,,,,0,Reseau sentinelles
6,4,,1999-09-24,12430,incidence,,,,,,0,Reseau sentinelles
6,4,,1999-10-01,28553,incidence,,,,,,0,Reseau sentinelles
6,4,,1999-10-08,24185,incidence,,,,,,0,Reseau sentinelles
6,4,,1999-10-15,25171,incidence,,,,,,0,Reseau sentinelles
6,4,,1999-10-22,19183,incidence,,,,,,0,Reseau sentinelles
6,4,,1999-10-29,18135,incidence,,,,,,0,Reseau sentinelles
6,4,,1999-11-05,18238,incidence,,,,,,0,Reseau sentinelles
6,4,,1999-11-12,17781,incidence,,,,,,0,Reseau sentinelles
6,4,,1999-11-19,8601,incidence,,,,,,0,Reseau sentinelles
6,4,,1999-11-26,35912,incidence,,,,,,0,Reseau sentinelles
6,4,,1999-12-03,58710,incidence,,,,,,0,Reseau sentinelles
6,4,,1999-12-10,112328,incidence,,,,,,0,Reseau sentinelles
6,4,,1999-12-17,181113,incidence,,,,,,0,Reseau sentinelles
6,4,,1999-12-24,272075,incidence,,,,,,0,Reseau sentinelles
6,4,,2000-01-01,387655,incidence,,,,,,0,Reseau sentinelles
6,4,,2000-01-08,541945,incidence,,,,,,0,Reseau sentinelles
6,4,,2000-01-15,521069,incidence,,,,,,0,Reseau sentinelles
6,4,,2000-01-22,484233,incidence,,,,,,0,Reseau sentinelles
6,4,,2000-01-29,374822,incidence,,,,,,0,Reseau sentinelles
6,4,,2000-02-05,261687,incidence,,,,,,0,Reseau sentinelles
6,4,,2000-02-12,146517,incidence,,,,,,0,Reseau sentinelles
6,4,,2000-02-19,59173,incidence,,,,,,0,Reseau sentinelles
6,4,,2000-02-26,23647,incidence,,,,,,0,Reseau sentinelles
6,4,,2000-03-04,14631,incidence,,,,,,0,Reseau sentinelles
6,4,,2000-03-11,9091,incidence,,,,,,0,Reseau sentinelles
6,4,,2000-03-18,12172,incidence,,,,,,0,Reseau sentinelles
6,4,,2000-03-25,7081,incidence,,,,,,0,Reseau sentinelles
6,4,,2000-04-01,8572,incidence,,,,,,0,Reseau sentinelles
6,4,,2000-04-08,10942,incidence,,,,,,0,Reseau sentinelles
6,4,,2000-04-15,12020,incidence,,,,,,0,Reseau sentinelles
6,4,,2000-04-22,5328,incidence,,,,,,0,Reseau sentinelles
6,4,,2000-04-29,7018,incidence,,,,,,0,Reseau sentinelles
6,4,,2000-05-06,5386,incidence,,,,,,0,Reseau sentinelles
6,4,,2000-05-13,13867,incidence,,,,,,0,Reseau sentinelles
6,4,,2000-05-20,4520,incidence,,,,,,0,Reseau sentinelles
6,4,,2000-05-27,4271,incidence,,,,,,0,Reseau sentinelles
6,4,,2000-06-03,4966,incidence,,,,,,0,Reseau sentinelles
6,4,,2000-06-10,8757,incidence,,,,,,0,Reseau sentinelles
6,4,,2000-06-17,5411,incidence,,,,,,0,Reseau sentinelles
6,4,,2000-06-24,4239,incidence,,,,,,0,Reseau sentinelles
6,4,,2000-07-02,1997,incidence,,,,,,0,Reseau sentinelles
6,4,,2000-07-09,2427,incidence,,,,,,0,Reseau sentinelles
6,4,,2000-07-16,1071,incidence,,,,,,0,Reseau sentinelles
6,4,,2000-07-23,1532,incidence,,,,,,0,Reseau sentinelles
6,4,,2000-07-30,218,incidence,,,,,,0,Reseau sentinelles
6,4,,2000-08-06,2159,incidence,,,,,,0,Reseau sentinelles
6,4,,2000-08-13,1405,incidence,,,,,,0,Reseau sentinelles
6,4,,2000-08-20,1690,incidence,,,,,,0,Reseau sentinelles
6,4,,2000-08-27,5188,incidence,,,,,,0,Reseau sentinelles
6,4,,2000-09-03,5590,incidence,,,,,,0,Reseau sentinelles
6,4,,2000-09-10,2990,incidence,,,,,,0,Reseau sentinelles
6,4,,2000-09-17,2243,incidence,,,,,,0,Reseau sentinelles
6,4,,2000-09-24,7417,incidence,,,,,,0,Reseau sentinelles
6,4,,2000-10-01,19338,incidence,,,,,,0,Reseau sentinelles
6,4,,2000-10-08,27237,incidence,,,,,,0,Reseau sentinelles
6,4,,2000-10-15,40022,incidence,,,,,,0,Reseau sentinelles
6,4,,2000-10-22,41200,incidence,,,,,,0,Reseau sentinelles
6,4,,2000-10-29,36951,incidence,,,,,,0,Reseau sentinelles
6,4,,2000-11-05,16330,incidence,,,,,,0,Reseau sentinelles
6,4,,2000-11-12,25375,incidence,,,,,,0,Reseau sentinelles
6,4,,2000-11-19,20598,incidence,,,,,,0,Reseau sentinelles
6,4,,2000-11-26,64848,incidence,,,,,,0,Reseau sentinelles
6,4,,2000-12-03,43642,incidence,,,,,,0,Reseau sentinelles
6,4,,2000-12-10,74170,incidence,,,,,,0,Reseau sentinelles
6,4,,2000-12-17,99177,incidence,,,,,,0,Reseau sentinelles
6,4,,2000-12-24,125224,incidence,,,,,,0,Reseau sentinelles
6,4,,2001-01-01,143525,incidence,,,,,,0,Reseau sentinelles
6,4,,2001-01-08,98930,incidence,,,,,,0,Reseau sentinelles
6,4,,2001-01-15,105356,incidence,,,,,,0,Reseau sentinelles
6,4,,2001-01-22,139823,incidence,,,,,,0,Reseau sentinelles
6,4,,2001-01-29,209193,incidence,,,,,,0,Reseau sentinelles
6,4,,2001-02-05,278674,incidence,,,,,,0,Reseau sentinelles
6,4,,2001-02-12,225969,incidence,,,,,,0,Reseau sentinelles
6,4,,2001-02-19,126970,incidence,,,,,,0,Reseau sentinelles
6,4,,2001-02-26,77423,incidence,,,,,,0,Reseau sentinelles
6,4,,2001-03-05,58623,incidence,,,,,,0,Reseau sentinelles
6,4,,2001-03-12,46649,incidence,,,,,,0,Reseau sentinelles
6,4,,2001-03-19,49809,incidence,,,,,,0,Reseau sentinelles
6,4,,2001-03-26,45411,incidence,,,,,,0,Reseau sentinelles
6,4,,2001-04-02,48644,incidence,,,,,,0,Reseau sentinelles
6,4,,2001-04-09,40429,incidence,,,,,,0,Reseau sentinelles
6,4,,2001-04-16,24188,incidence,,,,,,0,Reseau sentinelles
6,4,,2001-04-23,24025,incidence,,,,,,0,Reseau sentinelles
6,4,,2001-04-30,25787,incidence,,,,,,0,Reseau sentinelles
6,4,,2001-05-07,21043,incidence,,,,,,0,Reseau sentinelles
6,4,,2001-05-14,17369,incidence,,,,,,0,Reseau sentinelles
6,4,,2001-05-21,15269,incidence,,,,,,0,Reseau sentinelles
6,4,,2001-05-28,8925,incidence,,,,,,0,Reseau sentinelles
6,4,,2001-06-04,4544,incidence,,,,,,0,Reseau sentinelles
6,4,,2001-06-11,6299,incidence,,,,,,0,Reseau sentinelles
6,4,,2001-06-18,4784,incidence,,,,,,0,Reseau sentinelles
6,4,,2001-06-25,2643,incidence,,,,,,0,Reseau sentinelles
6,4,,2001-07-02,3335,incidence,,,,,,0,Reseau sentinelles
6,4,,2001-07-09,4739,incidence,,,,,,0,Reseau sentinelles
6,4,,2001-07-16,3555,incidence,,,,,,0,Reseau sentinelles
6,4,,2001-07-23,2408,incidence,,,,,,0,Reseau sentinelles
6,4,,2001-07-30,2144,incidence,,,,,,0,Reseau sentinelles
6,4,,2001-08-06,18999,incidence,,,,,,0,Reseau sentinelles
6,4,,2001-08-13,0,incidence,,,,,,0,Reseau sentinelles
6,4,,2001-08-20,0,incidence,,,,,,0,Reseau sentinelles
6,4,,2001-08-27,2990,incidence,,,,,,0,Reseau sentinelles
6,4,,2001-09-03,4399,incidence,,,,,,0,Reseau sentinelles
6,4,,2001-09-10,4663,incidence,,,,,,0,Reseau sentinelles
6,4,,2001-09-17,8025,incidence,,,,,,0,Reseau sentinelles
6,4,,2001-09-24,9736,incidence,,,,,,0,Reseau sentinelles
6,4,,2001-10-01,25407,incidence,,,,,,0,Reseau sentinelles
6,4,,2001-10-08,18113,incidence,,,,,,0,Reseau sentinelles
6,4,,2001-10-15,20241,incidence,,,,,,0,Reseau sentinelles
6,4,,2001-10-22,18963,incidence,,,,,,0,Reseau sentinelles
6,4,,2001-10-29,23311,incidence,,,,,,0,Reseau sentinelles
6,4,,2001-11-05,11410,incidence,,,,,,0,Reseau sentinelles
6,4,,2001-11-12,20766,incidence,,,,,,0,Reseau sentinelles
6,4,,2001-11-19,21127,incidence,,,,,,0,Reseau sentinelles
6,4,,2001-11-26,27455,incidence,,,,,,0,Reseau sentinelles
6,4,,2001-12-03,43283,incidence,,,,,,0,Reseau sentinelles
6,4,,2001-12-10,34792,incidence,,,,,,0,Reseau sentinelles
6,4,,2001-12-17,31309,incidence,,,,,,0,Reseau sentinelles
6,4,,2001-12-24,45961,incidence,,,,,,0,Reseau sentinelles
6,4,,2002-01-01,57999,incidence,,,,,,0,Reseau sentinelles
6,4,,2002-01-08,115422,incidence,,,,,,0,Reseau sentinelles
6,4,,2002-01-15,244028,incidence,,,,,,0,Reseau sentinelles
6,4,,2002-01-22,383720,incidence,,,,,,0,Reseau sentinelles
6,4,,2002-01-29,504715,incidence,,,,,,0,Reseau sentinelles
6,4,,2002-02-05,456186,incidence,,,,,,0,Reseau sentinelles
6,4,,2002-02-12,325084,incidence,,,,,,0,Reseau sentinelles
6,4,,2002-02-19,170251,incidence,,,,,,0,Reseau sentinelles
6,4,,2002-02-26,117204,incidence,,,,,,0,Reseau sentinelles
6,4,,2002-03-05,63735,incidence,,,,,,0,Reseau sentinelles
6,4,,2002-03-12,42915,incidence,,,,,,0,Reseau sentinelles
6,4,,2002-03-19,40426,incidence,,,,,,0,Reseau sentinelles
6,4,,2002-03-26,33510,incidence,,,,,,0,Reseau sentinelles
6,4,,2002-04-02,27497,incidence,,,,,,0,Reseau sentinelles
6,4,,2002-04-09,23877,incidence,,,,,,0,Reseau sentinelles
6,4,,2002-04-16,21654,incidence,,,,,,0,Reseau sentinelles
6,4,,2002-04-23,17762,incidence,,,,,,0,Reseau sentinelles
6,4,,2002-04-30,7223,incidence,,,,,,0,Reseau sentinelles
6,4,,2002-05-07,6083,incidence,,,,,,0,Reseau sentinelles
6,4,,2002-05-14,6139,incidence,,,,,,0,Reseau sentinelles
6,4,,2002-05-21,3803,incidence,,,,,,0,Reseau sentinelles
6,4,,2002-05-28,5901,incidence,,,,,,0,Reseau sentinelles
6,4,,2002-06-04,4854,incidence,,,,,,0,Reseau sentinelles
6,4,,2002-06-11,15468,incidence,,,,,,0,Reseau sentinelles
6,4,,2002-06-18,12063,incidence,,,,,,0,Reseau sentinelles
6,4,,2002-06-25,4765,incidence,,,,,,0,Reseau sentinelles
6,4,,2002-07-02,4523,incidence,,,,,,0,Reseau sentinelles
6,4,,2002-07-09,1882,incidence,,,,,,0,Reseau sentinelles
6,4,,2002-07-16,6602,incidence,,,,,,0,Reseau sentinelles
6,4,,2002-07-23,5576,incidence,,,,,,0,Reseau sentinelles
6,4,,2002-07-30,3601,incidence,,,,,,0,Reseau sentinelles
6,4,,2002-08-06,5455,incidence,,,,,,0,Reseau sentinelles
6,4,,2002-08-13,1087,incidence,,,,,,0,Reseau sentinelles
6,4,,2002-08-20,2670,incidence,,,,,,0,Reseau sentinelles
6,4,,2002-08-27,2843,incidence,,,,,,0,Reseau sentinelles
6,4,,2002-09-03,2126,incidence,,,,,,0,Reseau sentinelles
6,4,,2002-09-10,1679,incidence,,,,,,0,Reseau sentinelles
6,4,,2002-09-17,12409,incidence,,,,,,0,Reseau sentinelles
6,4,,2002-09-24,7067,incidence,,,,,,0,Reseau sentinelles
6,4,,2002-10-01,15989,incidence,,,,,,0,Reseau sentinelles
6,4,,2002-10-08,8137,incidence,,,,,,0,Reseau sentinelles
6,4,,2002-10-15,11036,incidence,,,,,,0,Reseau sentinelles
6,4,,2002-10-22,13774,incidence,,,,,,0,Reseau sentinelles
6,4,,2002-10-29,14326,incidence,,,,,,0,Reseau sentinelles
6,4,,2002-11-05,18082,incidence,,,,,,0,Reseau sentinelles
6,4,,2002-11-12,19304,incidence,,,,,,0,Reseau sentinelles
6,4,,2002-11-19,12753,incidence,,,,,,0,Reseau sentinelles
6,4,,2002-11-26,16449,incidence,,,,,,0,Reseau sentinelles
6,4,,2002-12-03,19799,incidence,,,,,,0,Reseau sentinelles
6,4,,2002-12-10,24656,incidence,,,,,,0,Reseau sentinelles
6,4,,2002-12-17,35221,incidence,,,,,,0,Reseau sentinelles
6,4,,2002-12-24,47629,incidence,,,,,,0,Reseau sentinelles
6,4,,2003-01-01,47016,incidence,,,,,,0,Reseau sentinelles
6,4,,2003-01-08,31228,incidence,,,,,,0,Reseau sentinelles
6,4,,2003-01-15,31447,incidence,,,,,,0,Reseau sentinelles
6,4,,2003-01-22,50983,incidence,,,,,,0,Reseau sentinelles
6,4,,2003-01-29,95356,incidence,,,,,,0,Reseau sentinelles
6,4,,2003-02-05,151864,incidence,,,,,,0,Reseau sentinelles
6,4,,2003-02-12,206955,incidence,,,,,,0,Reseau sentinelles
6,4,,2003-02-19,237104,incidence,,,,,,0,Reseau sentinelles
6,4,,2003-02-26,222638,incidence,,,,,,0,Reseau sentinelles
6,4,,2003-03-05,177255,incidence,,,,,,0,Reseau sentinelles
6,4,,2003-03-12,121516,incidence,,,,,,0,Reseau sentinelles
6,4,,2003-03-19,99729,incidence,,,,,,0,Reseau sentinelles
6,4,,2003-03-26,88582,incidence,,,,,,0,Reseau sentinelles
6,4,,2003-04-02,70335,incidence,,,,,,0,Reseau sentinelles
6,4,,2003-04-09,70084,incidence,,,,,,0,Reseau sentinelles
6,4,,2003-04-16,69269,incidence,,,,,,0,Reseau sentinelles
6,4,,2003-04-23,50759,incidence,,,,,,0,Reseau sentinelles
6,4,,2003-04-30,46253,incidence,,,,,,0,Reseau sentinelles
6,4,,2003-05-07,12268,incidence,,,,,,0,Reseau sentinelles
6,4,,2003-05-14,8325,incidence,,,,,,0,Reseau sentinelles
6,4,,2003-05-21,7554,incidence,,,,,,0,Reseau sentinelles
6,4,,2003-05-28,5563,incidence,,,,,,0,Reseau sentinelles
6,4,,2003-06-04,2573,incidence,,,,,,0,Reseau sentinelles
6,4,,2003-06-11,4821,incidence,,,,,,0,Reseau sentinelles
6,4,,2003-06-18,8429,incidence,,,,,,0,Reseau sentinelles
6,4,,2003-06-25,2602,incidence,,,,,,0,Reseau sentinelles
6,4,,2003-07-02,5333,incidence,,,,,,0,Reseau sentinelles
6,4,,2003-07-09,2293,incidence,,,,,,0,Reseau sentinelles
6,4,,2003-07-16,3975,incidence,,,,,,0,Reseau sentinelles
6,4,,2003-07-23,6801,incidence,,,,,,0,Reseau sentinelles
6,4,,2003-07-30,3183,incidence,,,,,,0,Reseau sentinelles
6,4,,2003-08-06,5164,incidence,,,,,,0,Reseau sentinelles
6,4,,2003-08-13,1619,incidence,,,,,,0,Reseau sentinelles
6,4,,2003-08-20,1504,incidence,,,,,,0,Reseau sentinelles
6,4,,2003-08-27,2194,incidence,,,,,,0,Reseau sentinelles
6,4,,2003-09-03,1504,incidence,,,,,,0,Reseau sentinelles
6,4,,2003-09-10,10951,incidence,,,,,,0,Reseau sentinelles
6,4,,2003-09-17,14735,incidence,,,,,,0,Reseau sentinelles
6,4,,2003-09-24,14811,incidence,,,,,,0,Reseau sentinelles
6,4,,2003-10-01,26592,incidence,,,,,,0,Reseau sentinelles
6,4,,2003-10-08,30862,incidence,,,,,,0,Reseau sentinelles
6,4,,2003-10-15,29579,incidence,,,,,,0,Reseau sentinelles
6,4,,2003-10-22,39010,incidence,,,,,,0,Reseau sentinelles
6,4,,2003-10-29,45834,incidence,,,,,,0,Reseau sentinelles
6,4,,2003-11-05,54703,incidence,,,,,,0,Reseau sentinelles
6,4,,2003-11-12,95565,incidence,,,,,,0,Reseau sentinelles
6,4,,2003-11-19,146101,incidence,,,,,,0,Reseau sentinelles
6,4,,2003-11-26,332927,incidence,,,,,,0,Reseau sentinelles
6,4,,2003-12-03,514668,incidence,,,,,,0,Reseau sentinelles
6,4,,2003-12-10,555492,incidence,,,,,,0,Reseau sentinelles
6,4,,2003-12-17,522427,incidence,,,,,,0,Reseau sentinelles
6,4,,2003-12-24,445464,incidence,,,,,,0,Reseau sentinelles
6,4,,2004-01-01,72239,incidence,,,,,,0,Reseau sentinelles
6,4,,2004-01-08,109116,incidence,,,,,,0,Reseau sentinelles
6,4,,2004-01-15,95234,incidence,,,,,,0,Reseau sentinelles
6,4,,2004-01-22,60482,incidence,,,,,,0,Reseau sentinelles
6,4,,2004-01-29,44571,incidence,,,,,,0,Reseau sentinelles
6,4,,2004-02-05,35110,incidence,,,,,,0,Reseau sentinelles
6,4,,2004-02-12,27452,incidence,,,,,,0,Reseau sentinelles
6,4,,2004-02-19,25484,incidence,,,,,,0,Reseau sentinelles
6,4,,2004-02-26,17738,incidence,,,,,,0,Reseau sentinelles
6,4,,2004-03-04,12618,incidence,,,,,,0,Reseau sentinelles
6,4,,2004-03-11,22531,incidence,,,,,,0,Reseau sentinelles
6,4,,2004-03-18,13964,incidence,,,,,,0,Reseau sentinelles
6,4,,2004-03-25,12482,incidence,,,,,,0,Reseau sentinelles
6,4,,2004-04-01,8316,incidence,,,,,,0,Reseau sentinelles
6,4,,2004-04-08,15657,incidence,,,,,,0,Reseau sentinelles
6,4,,2004-04-15,8272,incidence,,,,,,0,Reseau sentinelles
6,4,,2004-04-22,5265,incidence,,,,,,0,Reseau sentinelles
6,4,,2004-04-29,3647,incidence,,,,,,0,Reseau sentinelles
6,4,,2004-05-06,5108,incidence,,,,,,0,Reseau sentinelles
6,4,,2004-05-13,7235,incidence,,,,,,0,Reseau sentinelles
6,4,,2004-05-20,7885,incidence,,,,,,0,Reseau sentinelles
6,4,,2004-05-27,8073,incidence,,,,,,0,Reseau sentinelles
6,4,,2004-06-03,8077,incidence,,,,,,0,Reseau sentinelles
6,4,,2004-06-10,9792,incidence,,,,,,0,Reseau sentinelles
6,4,,2004-06-17,6737,incidence,,,,,,0,Reseau sentinelles
6,4,,2004-06-24,3275,incidence,,,,,,0,Reseau sentinelles
6,4,,2004-07-02,7113,incidence,,,,,,0,Reseau sentinelles
6,4,,2004-07-09,7486,incidence,,,,,,0,Reseau sentinelles
6,4,,2004-07-16,6358,incidence,,,,,,0,Reseau sentinelles
6,4,,2004-07-23,5164,incidence,,,,,,0,Reseau sentinelles
6,4,,2004-07-30,3557,incidence,,,,,,0,Reseau sentinelles
6,4,,2004-08-06,2949,incidence,,,,,,0,Reseau sentinelles
6,4,,2004-08-13,3496,incidence,,,,,,0,Reseau sentinelles
6,4,,2004-08-20,1697,incidence,,,,,,0,Reseau sentinelles
6,4,,2004-08-27,4501,incidence,,,,,,0,Reseau sentinelles
6,4,,2004-09-03,4408,incidence,,,,,,0,Reseau sentinelles
6,4,,2004-09-10,7753,incidence,,,,,,0,Reseau sentinelles
6,4,,2004-09-17,9103,incidence,,,,,,0,Reseau sentinelles
6,4,,2004-09-24,17483,incidence,,,,,,0,Reseau sentinelles
6,4,,2004-10-01,22680,incidence,,,,,,0,Reseau sentinelles
6,4,,2004-10-08,25639,incidence,,,,,,0,Reseau sentinelles
6,4,,2004-10-15,15852,incidence,,,,,,0,Reseau sentinelles
6,4,,2004-10-22,20480,incidence,,,,,,0,Reseau sentinelles
6,4,,2004-10-29,16780,incidence,,,,,,0,Reseau sentinelles
6,4,,2004-11-05,23166,incidence,,,,,,0,Reseau sentinelles
6,4,,2004-11-12,15658,incidence,,,,,,0,Reseau sentinelles
6,4,,2004-11-19,13934,incidence,,,,,,0,Reseau sentinelles
6,4,,2004-11-26,21148,incidence,,,,,,0,Reseau sentinelles
6,4,,2004-12-03,30522,incidence,,,,,,0,Reseau sentinelles
6,4,,2004-12-10,27092,incidence,,,,,,0,Reseau sentinelles
6,4,,2004-12-17,42358,incidence,,,,,,0,Reseau sentinelles
6,4,,2004-12-24,46209,incidence,,,,,,0,Reseau sentinelles
6,4,,2005-01-01,32687,incidence,,,,,,0,Reseau sentinelles
6,4,,2005-01-08,40695,incidence,,,,,,0,Reseau sentinelles
6,4,,2005-01-08,55801,incidence,,,,,,0,Reseau sentinelles
6,4,,2005-01-15,88853,incidence,,,,,,0,Reseau sentinelles
6,4,,2005-01-22,154208,incidence,,,,,,0,Reseau sentinelles
6,4,,2005-01-29,316856,incidence,,,,,,0,Reseau sentinelles
6,4,,2005-02-05,568285,incidence,,,,,,0,Reseau sentinelles
6,4,,2005-02-12,568610,incidence,,,,,,0,Reseau sentinelles
6,4,,2005-02-19,459444,incidence,,,,,,0,Reseau sentinelles
6,4,,2005-02-26,277423,incidence,,,,,,0,Reseau sentinelles
6,4,,2005-03-05,251784,incidence,,,,,,0,Reseau sentinelles
6,4,,2005-03-12,222526,incidence,,,,,,0,Reseau sentinelles
6,4,,2005-03-19,183032,incidence,,,,,,0,Reseau sentinelles
6,4,,2005-03-26,90040,incidence,,,,,,0,Reseau sentinelles
6,4,,2005-04-02,42971,incidence,,,,,,0,Reseau sentinelles
6,4,,2005-04-09,21988,incidence,,,,,,0,Reseau sentinelles
6,4,,2005-04-16,14881,incidence,,,,,,0,Reseau sentinelles
6,4,,2005-04-23,9741,incidence,,,,,,0,Reseau sentinelles
6,4,,2005-04-30,7166,incidence,,,,,,0,Reseau sentinelles
6,4,,2005-05-07,2755,incidence,,,,,,0,Reseau sentinelles
6,4,,2005-05-14,7638,incidence,,,,,,0,Reseau sentinelles
6,4,,2005-05-21,7841,incidence,,,,,,0,Reseau sentinelles
6,4,,2005-05-28,4284,incidence,,,,,,0,Reseau sentinelles
6,4,,2005-06-04,3935,incidence,,,,,,0,Reseau sentinelles
6,4,,2005-06-11,5246,incidence,,,,,,0,Reseau sentinelles
6,4,,2005-06-18,5892,incidence,,,,,,0,Reseau sentinelles
6,4,,2005-06-25,2354,incidence,,,,,,0,Reseau sentinelles
6,4,,2005-07-02,4720,incidence,,,,,,0,Reseau sentinelles
6,4,,2005-07-09,2305,incidence,,,,,,0,Reseau sentinelles
6,4,,2005-07-16,1988,incidence,,,,,,0,Reseau sentinelles
6,4,,2005-07-23,3965,incidence,,,,,,0,Reseau sentinelles
6,4,,2005-07-30,2203,incidence,,,,,,0,Reseau sentinelles
6,4,,2005-08-06,3767,incidence,,,,,,0,Reseau sentinelles
6,4,,2005-08-13,1572,incidence,,,,,,0,Reseau sentinelles
6,4,,2005-08-20,2815,incidence,,,,,,0,Reseau sentinelles
6,4,,2005-08-27,5281,incidence,,,,,,0,Reseau sentinelles
6,4,,2005-09-03,2448,incidence,,,,,,0,Reseau sentinelles
6,4,,2005-09-10,7082,incidence,,,,,,0,Reseau sentinelles
6,4,,2005-09-17,10347,incidence,,,,,,0,Reseau sentinelles
6,4,,2005-09-24,21881,incidence,,,,,,0,Reseau sentinelles
6,4,,2005-10-01,23994,incidence,,,,,,0,Reseau sentinelles
6,4,,2005-10-08,26647,incidence,,,,,,0,Reseau sentinelles
6,4,,2005-10-15,26466,incidence,,,,,,0,Reseau sentinelles
6,4,,2005-10-22,23653,incidence,,,,,,0,Reseau sentinelles
6,4,,2005-10-29,18045,incidence,,,,,,0,Reseau sentinelles
6,4,,2005-11-05,20481,incidence,,,,,,0,Reseau sentinelles
6,4,,2005-11-12,14609,incidence,,,,,,0,Reseau sentinelles
6,4,,2005-11-19,23967,incidence,,,,,,0,Reseau sentinelles
6,4,,2005-11-26,26884,incidence,,,,,,0,Reseau sentinelles
6,4,,2005-12-03,24860,incidence,,,,,,0,Reseau sentinelles
6,4,,2005-12-10,27589,incidence,,,,,,0,Reseau sentinelles
6,4,,2005-12-17,36880,incidence,,,,,,0,Reseau sentinelles
6,4,,2005-12-24,40344,incidence,,,,,,0,Reseau sentinelles
6,4,,2006-01-01,32132,incidence,,,,,,0,Reseau sentinelles
6,4,,2006-01-08,34603,incidence,,,,,,0,Reseau sentinelles
6,4,,2006-01-15,39211,incidence,,,,,,0,Reseau sentinelles
6,4,,2006-01-22,66255,incidence,,,,,,0,Reseau sentinelles
6,4,,2006-01-29,104620,incidence,,,,,,0,Reseau sentinelles
6,4,,2006-02-05,184928,incidence,,,,,,0,Reseau sentinelles
6,4,,2006-02-12,256758,incidence,,,,,,0,Reseau sentinelles
6,4,,2006-02-19,243908,incidence,,,,,,0,Reseau sentinelles
6,4,,2006-02-26,199088,incidence,,,,,,0,Reseau sentinelles
6,4,,2006-03-05,164150,incidence,,,,,,0,Reseau sentinelles
6,4,,2006-03-12,124749,incidence,,,,,,0,Reseau sentinelles
6,4,,2006-03-19,122437,incidence,,,,,,0,Reseau sentinelles
6,4,,2006-03-26,108004,incidence,,,,,,0,Reseau sentinelles
6,4,,2006-04-02,77053,incidence,,,,,,0,Reseau sentinelles
6,4,,2006-04-09,40321,incidence,,,,,,0,Reseau sentinelles
6,4,,2006-04-16,26969,incidence,,,,,,0,Reseau sentinelles
6,4,,2006-04-23,22096,incidence,,,,,,0,Reseau sentinelles
6,4,,2006-04-30,17762,incidence,,,,,,0,Reseau sentinelles
6,4,,2006-05-07,4454,incidence,,,,,,0,Reseau sentinelles
6,4,,2006-05-14,5083,incidence,,,,,,0,Reseau sentinelles
6,4,,2006-05-21,8859,incidence,,,,,,0,Reseau sentinelles
6,4,,2006-05-28,4661,incidence,,,,,,0,Reseau sentinelles
6,4,,2006-06-04,5807,incidence,,,,,,0,Reseau sentinelles
6,4,,2006-06-11,4532,incidence,,,,,,0,Reseau sentinelles
6,4,,2006-06-18,4279,incidence,,,,,,0,Reseau sentinelles
6,4,,2006-06-25,6259,incidence,,,,,,0,Reseau sentinelles
6,4,,2006-07-02,4564,incidence,,,,,,0,Reseau sentinelles
6,4,,2006-07-09,1351,incidence,,,,,,0,Reseau sentinelles
6,4,,2006-07-16,843,incidence,,,,,,0,Reseau sentinelles
6,4,,2006-07-23,1339,incidence,,,,,,0,Reseau sentinelles
6,4,,2006-07-30,665,incidence,,,,,,0,Reseau sentinelles
6,4,,2006-08-06,1773,incidence,,,,,,0,Reseau sentinelles
6,4,,2006-08-13,0,incidence,,,,,,0,Reseau sentinelles
6,4,,2006-08-20,0,incidence,,,,,,0,Reseau sentinelles
6,4,,2006-08-27,1572,incidence,,,,,,0,Reseau sentinelles
6,4,,2006-09-03,2170,incidence,,,,,,0,Reseau sentinelles
6,4,,2006-09-10,1107,incidence,,,,,,0,Reseau sentinelles
6,4,,2006-09-17,1786,incidence,,,,,,0,Reseau sentinelles
6,4,,2006-09-24,2532,incidence,,,,,,0,Reseau sentinelles
6,4,,2006-10-01,8945,incidence,,,,,,0,Reseau sentinelles
6,4,,2006-10-08,11950,incidence,,,,,,0,Reseau sentinelles
6,4,,2006-10-15,13920,incidence,,,,,,0,Reseau sentinelles
6,4,,2006-10-22,16673,incidence,,,,,,0,Reseau sentinelles
6,4,,2006-10-29,21157,incidence,,,,,,0,Reseau sentinelles
6,4,,2006-11-05,8031,incidence,,,,,,0,Reseau sentinelles
6,4,,2006-11-12,12285,incidence,,,,,,0,Reseau sentinelles
6,4,,2006-11-19,14032,incidence,,,,,,0,Reseau sentinelles
6,4,,2006-11-26,16104,incidence,,,,,,0,Reseau sentinelles
6,4,,2006-12-03,16439,incidence,,,,,,0,Reseau sentinelles
6,4,,2006-12-10,18773,incidence,,,,,,0,Reseau sentinelles
6,4,,2006-12-17,35668,incidence,,,,,,0,Reseau sentinelles
6,4,,2006-12-24,62734,incidence,,,,,,0,Reseau sentinelles
6,4,,2007-01-01,78190,incidence,,,,,,0,Reseau sentinelles
6,4,,2007-01-08,70842,incidence,,,,,,0,Reseau sentinelles
6,4,,2007-01-15,82849,incidence,,,,,,0,Reseau sentinelles
6,4,,2007-01-22,126161,incidence,,,,,,0,Reseau sentinelles
6,4,,2007-01-29,209878,incidence,,,,,,0,Reseau sentinelles
6,4,,2007-02-05,375457,incidence,,,,,,0,Reseau sentinelles
6,4,,2007-02-12,500016,incidence,,,,,,0,Reseau sentinelles
6,4,,2007-02-19,417698,incidence,,,,,,0,Reseau sentinelles
6,4,,2007-02-26,316747,incidence,,,,,,0,Reseau sentinelles
6,4,,2007-03-05,138901,incidence,,,,,,0,Reseau sentinelles
6,4,,2007-03-12,49469,incidence,,,,,,0,Reseau sentinelles
6,4,,2007-03-19,30764,incidence,,,,,,0,Reseau sentinelles
6,4,,2007-03-26,25433,incidence,,,,,,0,Reseau sentinelles
6,4,,2007-04-02,21271,incidence,,,,,,0,Reseau sentinelles
6,4,,2007-04-09,11377,incidence,,,,,,0,Reseau sentinelles
6,4,,2007-04-16,4757,incidence,,,,,,0,Reseau sentinelles
6,4,,2007-04-23,3817,incidence,,,,,,0,Reseau sentinelles
6,4,,2007-04-30,4705,incidence,,,,,,0,Reseau sentinelles
6,4,,2007-05-07,2232,incidence,,,,,,0,Reseau sentinelles
6,4,,2007-05-14,3012,incidence,,,,,,0,Reseau sentinelles
6,4,,2007-05-21,6400,incidence,,,,,,0,Reseau sentinelles
6,4,,2007-05-28,4319,incidence,,,,,,0,Reseau sentinelles
6,4,,2007-06-04,7689,incidence,,,,,,0,Reseau sentinelles
6,4,,2007-06-11,5343,incidence,,,,,,0,Reseau sentinelles
6,4,,2007-06-18,2854,incidence,,,,,,0,Reseau sentinelles
6,4,,2007-06-25,3699,incidence,,,,,,0,Reseau sentinelles
6,4,,2007-07-02,157,incidence,,,,,,0,Reseau sentinelles
6,4,,2007-07-09,1453,incidence,,,,,,0,Reseau sentinelles
6,4,,2007-07-16,1459,incidence,,,,,,0,Reseau sentinelles
6,4,,2007-07-23,3406,incidence,,,,,,0,Reseau sentinelles
6,4,,2007-07-30,2158,incidence,,,,,,0,Reseau sentinelles
6,4,,2007-08-06,1965,incidence,,,,,,0,Reseau sentinelles
6,4,,2007-08-13,132,incidence,,,,,,0,Reseau sentinelles
6,4,,2007-08-20,4189,incidence,,,,,,0,Reseau sentinelles
6,4,,2007-08-27,3353,incidence,,,,,,0,Reseau sentinelles
6,4,,2007-09-03,1177,incidence,,,,,,0,Reseau sentinelles
6,4,,2007-09-10,1100,incidence,,,,,,0,Reseau sentinelles
6,4,,2007-09-17,1449,incidence,,,,,,0,Reseau sentinelles
6,4,,2007-09-24,4769,incidence,,,,,,0,Reseau sentinelles
6,4,,2007-10-01,15985,incidence,,,,,,0,Reseau sentinelles
6,4,,2007-10-08,13517,incidence,,,,,,0,Reseau sentinelles
6,4,,2007-10-15,12987,incidence,,,,,,0,Reseau sentinelles
6,4,,2007-10-22,20197,incidence,,,,,,0,Reseau sentinelles
6,4,,2007-10-29,16212,incidence,,,,,,0,Reseau sentinelles
6,4,,2007-11-05,13904,incidence,,,,,,0,Reseau sentinelles
6,4,,2007-11-12,15521,incidence,,,,,,0,Reseau sentinelles
6,4,,2007-11-19,18204,incidence,,,,,,0,Reseau sentinelles
6,4,,2007-11-26,30716,incidence,,,,,,0,Reseau sentinelles
6,4,,2007-12-03,48174,incidence,,,,,,0,Reseau sentinelles
6,4,,2007-12-10,38351,incidence,,,,,,0,Reseau sentinelles
6,4,,2007-12-17,45366,incidence,,,,,,0,Reseau sentinelles
6,4,,2007-12-24,61954,incidence,,,,,,0,Reseau sentinelles
6,4,,2008-01-01,86742,incidence,,,,,,0,Reseau sentinelles
6,4,,2008-01-08,102562,incidence,,,,,,0,Reseau sentinelles
6,4,,2008-01-15,160872,incidence,,,,,,0,Reseau sentinelles
6,4,,2008-01-22,260268,incidence,,,,,,0,Reseau sentinelles
6,4,,2008-01-29,290196,incidence,,,,,,0,Reseau sentinelles
6,4,,2008-02-05,344050,incidence,,,,,,0,Reseau sentinelles
6,4,,2008-02-12,377097,incidence,,,,,,0,Reseau sentinelles
6,4,,2008-02-19,286498,incidence,,,,,,0,Reseau sentinelles
6,4,,2008-02-26,198688,incidence,,,,,,0,Reseau sentinelles
6,4,,2008-03-04,119696,incidence,,,,,,0,Reseau sentinelles
6,4,,2008-03-11,90342,incidence,,,,,,0,Reseau sentinelles
6,4,,2008-03-18,62014,incidence,,,,,,0,Reseau sentinelles
6,4,,2008-03-25,53169,incidence,,,,,,0,Reseau sentinelles
6,4,,2008-04-01,38600,incidence,,,,,,0,Reseau sentinelles
6,4,,2008-04-08,45610,incidence,,,,,,0,Reseau sentinelles
6,4,,2008-04-15,22871,incidence,,,,,,0,Reseau sentinelles
6,4,,2008-04-22,11876,incidence,,,,,,0,Reseau sentinelles
6,4,,2008-04-29,10150,incidence,,,,,,0,Reseau sentinelles
6,4,,2008-05-06,5315,incidence,,,,,,0,Reseau sentinelles
6,4,,2008-05-13,5173,incidence,,,,,,0,Reseau sentinelles
6,4,,2008-05-20,6452,incidence,,,,,,0,Reseau sentinelles
6,4,,2008-05-27,3642,incidence,,,,,,0,Reseau sentinelles
6,4,,2008-06-03,1792,incidence,,,,,,0,Reseau sentinelles
6,4,,2008-06-10,2906,incidence,,,,,,0,Reseau sentinelles
6,4,,2008-06-17,3217,incidence,,,,,,0,Reseau sentinelles
6,4,,2008-06-24,2006,incidence,,,,,,0,Reseau sentinelles
6,4,,2008-07-02,897,incidence,,,,,,0,Reseau sentinelles
6,4,,2008-07-09,2862,incidence,,,,,,0,Reseau sentinelles
6,4,,2008-07-16,3257,incidence,,,,,,0,Reseau sentinelles
6,4,,2008-07-23,2055,incidence,,,,,,0,Reseau sentinelles
6,4,,2008-07-30,3821,incidence,,,,,,0,Reseau sentinelles
6,4,,2008-08-06,3972,incidence,,,,,,0,Reseau sentinelles
6,4,,2008-08-13,4378,incidence,,,,,,0,Reseau sentinelles
6,4,,2008-08-20,7229,incidence,,,,,,0,Reseau sentinelles
6,4,,2008-08-27,2552,incidence,,,,,,0,Reseau sentinelles
6,4,,2008-09-03,1901,incidence,,,,,,0,Reseau sentinelles
6,4,,2008-09-10,2512,incidence,,,,,,0,Reseau sentinelles
6,4,,2008-09-17,2429,incidence,,,,,,0,Reseau sentinelles
6,4,,2008-09-24,3679,incidence,,,,,,0,Reseau sentinelles
6,4,,2008-10-01,2195,incidence,,,,,,0,Reseau sentinelles
6,4,,2008-10-08,7869,incidence,,,,,,0,Reseau sentinelles
6,4,,2008-10-15,9925,incidence,,,,,,0,Reseau sentinelles
6,4,,2008-10-22,9087,incidence,,,,,,0,Reseau sentinelles
6,4,,2008-10-29,9345,incidence,,,,,,0,Reseau sentinelles
6,4,,2008-11-05,9772,incidence,,,,,,0,Reseau sentinelles
6,4,,2008-11-12,12472,incidence,,,,,,0,Reseau sentinelles
6,4,,2008-11-19,10899,incidence,,,,,,0,Reseau sentinelles
6,4,,2008-11-26,18706,incidence,,,,,,0,Reseau sentinelles
6,4,,2008-12-03,25604,incidence,,,,,,0,Reseau sentinelles
6,4,,2008-12-10,34950,incidence,,,,,,0,Reseau sentinelles
6,4,,2008-12-17,51746,incidence,,,,,,0,Reseau sentinelles
6,4,,2008-12-24,112588,incidence,,,,,,0,Reseau sentinelles
6,4,,2009-01-01,198418,incidence,,,,,,0,Reseau sentinelles
6,4,,2009-01-08,200349,incidence,,,,,,0,Reseau sentinelles
6,4,,2009-01-15,287145,incidence,,,,,,0,Reseau sentinelles
6,4,,2009-01-22,520957,incidence,,,,,,0,Reseau sentinelles
6,4,,2009-01-29,545313,incidence,,,,,,0,Reseau sentinelles
6,4,,2009-02-05,401868,incidence,,,,,,0,Reseau sentinelles
6,4,,2009-02-12,276274,incidence,,,,,,0,Reseau sentinelles
6,4,,2009-02-19,141531,incidence,,,,,,0,Reseau sentinelles
6,4,,2009-02-26,109100,incidence,,,,,,0,Reseau sentinelles
6,4,,2009-03-05,70558,incidence,,,,,,0,Reseau sentinelles
6,4,,2009-03-12,53395,incidence,,,,,,0,Reseau sentinelles
6,4,,2009-03-19,40410,incidence,,,,,,0,Reseau sentinelles
6,4,,2009-03-26,38811,incidence,,,,,,0,Reseau sentinelles
6,4,,2009-04-02,27737,incidence,,,,,,0,Reseau sentinelles
6,4,,2009-04-09,26324,incidence,,,,,,0,Reseau sentinelles
6,4,,2009-04-16,17533,incidence,,,,,,0,Reseau sentinelles
6,4,,2009-04-23,14666,incidence,,,,,,0,Reseau sentinelles
6,4,,2009-04-30,9537,incidence,,,,,,0,Reseau sentinelles
6,4,,2009-05-07,9627,incidence,,,,,,0,Reseau sentinelles
6,4,,2009-05-14,7538,incidence,,,,,,0,Reseau sentinelles
6,4,,2009-05-21,9482,incidence,,,,,,0,Reseau sentinelles
6,4,,2009-05-28,7118,incidence,,,,,,0,Reseau sentinelles
6,4,,2009-06-04,6390,incidence,,,,,,0,Reseau sentinelles
6,4,,2009-06-11,4342,incidence,,,,,,0,Reseau sentinelles
6,4,,2009-06-18,7794,incidence,,,,,,0,Reseau sentinelles
6,4,,2009-06-25,7619,incidence,,,,,,0,Reseau sentinelles
6,4,,2009-07-02,9932,incidence,,,,,,0,Reseau sentinelles
6,4,,2009-07-09,10354,incidence,,,,,,0,Reseau sentinelles
6,4,,2009-07-16,15516,incidence,,,,,,0,Reseau sentinelles
6,4,,2009-07-23,10704,incidence,,,,,,0,Reseau sentinelles
6,4,,2009-07-30,13868,incidence,,,,,,0,Reseau sentinelles
6,4,,2009-08-06,30255,incidence,,,,,,0,Reseau sentinelles
6,4,,2009-08-13,23151,incidence,,,,,,0,Reseau sentinelles
6,4,,2009-08-20,24435,incidence,,,,,,0,Reseau sentinelles
6,4,,2009-08-27,24985,incidence,,,,,,0,Reseau sentinelles
6,4,,2009-09-03,31660,incidence,,,,,,0,Reseau sentinelles
6,4,,2009-09-10,46024,incidence,,,,,,0,Reseau sentinelles
6,4,,2009-09-17,101332,incidence,,,,,,0,Reseau sentinelles
6,4,,2009-09-24,137924,incidence,,,,,,0,Reseau sentinelles
6,4,,2009-10-01,121267,incidence,,,,,,0,Reseau sentinelles
6,4,,2009-10-08,111587,incidence,,,,,,0,Reseau sentinelles
6,4,,2009-10-15,100802,incidence,,,,,,0,Reseau sentinelles
6,4,,2009-10-22,99387,incidence,,,,,,0,Reseau sentinelles
6,4,,2009-10-29,131408,incidence,,,,,,0,Reseau sentinelles
6,4,,2009-11-05,170231,incidence,,,,,,0,Reseau sentinelles
6,4,,2009-11-12,147046,incidence,,,,,,0,Reseau sentinelles
6,4,,2009-11-19,223847,incidence,,,,,,0,Reseau sentinelles
6,4,,2009-11-26,378924,incidence,,,,,,0,Reseau sentinelles
6,4,,2009-12-03,467551,incidence,,,,,,0,Reseau sentinelles
6,4,,2009-12-10,473718,incidence,,,,,,0,Reseau sentinelles
6,4,,2009-12-17,379424,incidence,,,,,,0,Reseau sentinelles
6,4,,2009-12-24,247809,incidence,,,,,,0,Reseau sentinelles
6,4,,2010-01-01,172872,incidence,,,,,,0,Reseau sentinelles
6,4,,2010-01-08,96141,incidence,,,,,,0,Reseau sentinelles
6,4,,2010-01-08,66574,incidence,,,,,,0,Reseau sentinelles
6,4,,2010-01-15,40691,incidence,,,,,,0,Reseau sentinelles
6,4,,2010-01-22,36236,incidence,,,,,,0,Reseau sentinelles
6,4,,2010-01-29,33817,incidence,,,,,,0,Reseau sentinelles
6,4,,2010-02-05,22197,incidence,,,,,,0,Reseau sentinelles
6,4,,2010-02-12,27858,incidence,,,,,,0,Reseau sentinelles
6,4,,2010-02-19,19690,incidence,,,,,,0,Reseau sentinelles
6,4,,2010-02-26,15433,incidence,,,,,,0,Reseau sentinelles
6,4,,2010-03-05,12081,incidence,,,,,,0,Reseau sentinelles
6,4,,2010-03-12,8844,incidence,,,,,,0,Reseau sentinelles
6,4,,2010-03-19,8692,incidence,,,,,,0,Reseau sentinelles
6,4,,2010-03-26,6727,incidence,,,,,,0,Reseau sentinelles
6,4,,2010-04-02,6705,incidence,,,,,,0,Reseau sentinelles
6,4,,2010-04-09,6188,incidence,,,,,,0,Reseau sentinelles
6,4,,2010-04-16,3990,incidence,,,,,,0,Reseau sentinelles
6,4,,2010-04-23,3471,incidence,,,,,,0,Reseau sentinelles
6,4,,2010-04-30,2216,incidence,,,,,,0,Reseau sentinelles
6,4,,2010-05-07,4095,incidence,,,,,,0,Reseau sentinelles
6,4,,2010-05-14,2273,incidence,,,,,,0,Reseau sentinelles
6,4,,2010-05-21,2470,incidence,,,,,,0,Reseau sentinelles
6,4,,2010-05-28,3860,incidence,,,,,,0,Reseau sentinelles
6,4,,2010-06-04,6251,incidence,,,,,,0,Reseau sentinelles
6,4,,2010-06-11,4016,incidence,,,,,,0,Reseau sentinelles
6,4,,2010-06-18,3584,incidence,,,,,,0,Reseau sentinelles
6,4,,2010-06-25,8019,incidence,,,,,,0,Reseau sentinelles
6,4,,2010-07-02,5808,incidence,,,,,,0,Reseau sentinelles
6,4,,2010-07-09,2494,incidence,,,,,,0,Reseau sentinelles
6,4,,2010-07-16,1209,incidence,,,,,,0,Reseau sentinelles
6,4,,2010-07-23,4123,incidence,,,,,,0,Reseau sentinelles
6,4,,2010-07-30,3989,incidence,,,,,,0,Reseau sentinelles
6,4,,2010-08-06,2732,incidence,,,,,,0,Reseau sentinelles
6,4,,2010-08-13,671,incidence,,,,,,0,Reseau sentinelles
6,4,,2010-08-20,2950,incidence,,,,,,0,Reseau sentinelles
6,4,,2010-08-27,4926,incidence,,,,,,0,Reseau sentinelles
6,4,,2010-09-03,4279,incidence,,,,,,0,Reseau sentinelles
6,4,,2010-09-10,4954,incidence,,,,,,0,Reseau sentinelles
6,4,,2010-09-17,5318,incidence,,,,,,0,Reseau sentinelles
6,4,,2010-09-24,8936,incidence,,,,,,0,Reseau sentinelles
6,4,,2010-10-01,11978,incidence,,,,,,0,Reseau sentinelles
6,4,,2010-10-08,18331,incidence,,,,,,0,Reseau sentinelles
6,4,,2010-10-15,17352,incidence,,,,,,0,Reseau sentinelles
6,4,,2010-10-22,18709,incidence,,,,,,0,Reseau sentinelles
6,4,,2010-10-29,16002,incidence,,,,,,0,Reseau sentinelles
6,4,,2010-11-05,15833,incidence,,,,,,0,Reseau sentinelles
6,4,,2010-11-12,9040,incidence,,,,,,0,Reseau sentinelles
6,4,,2010-11-19,15465,incidence,,,,,,0,Reseau sentinelles
6,4,,2010-11-26,26598,incidence,,,,,,0,Reseau sentinelles
6,4,,2010-12-03,36982,incidence,,,,,,0,Reseau sentinelles
6,4,,2010-12-10,54971,incidence,,,,,,0,Reseau sentinelles
6,4,,2010-12-17,104874,incidence,,,,,,0,Reseau sentinelles
6,4,,2010-12-24,158957,incidence,,,,,,0,Reseau sentinelles
6,4,,2011-01-01,228105,incidence,,,,,,0,Reseau sentinelles
6,4,,2011-01-08,309933,incidence,,,,,,0,Reseau sentinelles
6,4,,2011-01-15,308949,incidence,,,,,,0,Reseau sentinelles
6,4,,2011-01-22,275882,incidence,,,,,,0,Reseau sentinelles
6,4,,2011-01-29,278218,incidence,,,,,,0,Reseau sentinelles
6,4,,2011-02-05,278192,incidence,,,,,,0,Reseau sentinelles
6,4,,2011-02-12,216579,incidence,,,,,,0,Reseau sentinelles
6,4,,2011-02-19,149219,incidence,,,,,,0,Reseau sentinelles
6,4,,2011-02-26,78392,incidence,,,,,,0,Reseau sentinelles
6,4,,2011-03-05,54522,incidence,,,,,,0,Reseau sentinelles
6,4,,2011-03-12,33628,incidence,,,,,,0,Reseau sentinelles
6,4,,2011-03-19,14619,incidence,,,,,,0,Reseau sentinelles
6,4,,2011-03-26,12491,incidence,,,,,,0,Reseau sentinelles
6,4,,2011-04-02,8749,incidence,,,,,,0,Reseau sentinelles
6,4,,2011-04-09,7352,incidence,,,,,,0,Reseau sentinelles
6,4,,2011-04-16,6557,incidence,,,,,,0,Reseau sentinelles
6,4,,2011-04-23,5061,incidence,,,,,,0,Reseau sentinelles
6,4,,2011-04-30,2659,incidence,,,,,,0,Reseau sentinelles
6,4,,2011-05-07,5306,incidence,,,,,,0,Reseau sentinelles
6,4,,2011-05-14,5416,incidence,,,,,,0,Reseau sentinelles
6,4,,2011-05-21,3951,incidence,,,,,,0,Reseau sentinelles
6,4,,2011-05-28,2694,incidence,,,,,,0,Reseau sentinelles
6,4,,2011-06-04,3122,incidence,,,,,,0,Reseau sentinelles
6,4,,2011-06-11,3406,incidence,,,,,,0,Reseau sentinelles
6,4,,2011-06-18,3507,incidence,,,,,,0,Reseau sentinelles
6,4,,2011-06-25,3791,incidence,,,,,,0,Reseau sentinelles
6,4,,2011-07-02,1155,incidence,,,,,,0,Reseau sentinelles
6,4,,2011-07-09,3524,incidence,,,,,,0,Reseau sentinelles
6,4,,2011-07-16,1977,incidence,,,,,,0,Reseau sentinelles
6,4,,2011-07-23,2265,incidence,,,,,,0,Reseau sentinelles
6,4,,2011-07-30,3972,incidence,,,,,,0,Reseau sentinelles
6,4,,2011-08-06,2409,incidence,,,,,,0,Reseau sentinelles
6,4,,2011-08-13,2590,incidence,,,,,,0,Reseau sentinelles
6,4,,2011-08-20,2421,incidence,,,,,,0,Reseau sentinelles
6,4,,2011-08-27,3312,incidence,,,,,,0,Reseau sentinelles
6,4,,2011-09-03,4178,incidence,,,,,,0,Reseau sentinelles
6,4,,2011-09-10,4606,incidence,,,,,,0,Reseau sentinelles
6,4,,2011-09-17,8365,incidence,,,,,,0,Reseau sentinelles
6,4,,2011-09-24,14007,incidence,,,,,,0,Reseau sentinelles
6,4,,2011-10-01,17021,incidence,,,,,,0,Reseau sentinelles
6,4,,2011-10-08,14053,incidence,,,,,,0,Reseau sentinelles
6,4,,2011-10-15,7486,incidence,,,,,,0,Reseau sentinelles
6,4,,2011-10-22,16932,incidence,,,,,,0,Reseau sentinelles
6,4,,2011-10-29,21522,incidence,,,,,,0,Reseau sentinelles
6,4,,2011-11-05,14050,incidence,,,,,,0,Reseau sentinelles
6,4,,2011-11-12,18104,incidence,,,,,,0,Reseau sentinelles
6,4,,2011-11-19,22368,incidence,,,,,,0,Reseau sentinelles
6,4,,2011-11-26,17627,incidence,,,,,,0,Reseau sentinelles
6,4,,2011-12-03,32358,incidence,,,,,,0,Reseau sentinelles
6,4,,2011-12-10,27209,incidence,,,,,,0,Reseau sentinelles
6,4,,2011-12-17,24155,incidence,,,,,,0,Reseau sentinelles
6,4,,2011-12-24,25835,incidence,,,,,,0,Reseau sentinelles
6,4,,2012-01-01,36532,incidence,,,,,,0,Reseau sentinelles
6,4,,2012-01-08,45104,incidence,,,,,,0,Reseau sentinelles
6,4,,2012-01-15,40507,incidence,,,,,,0,Reseau sentinelles
6,4,,2012-01-22,49440,incidence,,,,,,0,Reseau sentinelles
6,4,,2012-01-29,67778,incidence,,,,,,0,Reseau sentinelles
6,4,,2012-02-05,106110,incidence,,,,,,0,Reseau sentinelles
6,4,,2012-02-12,175123,incidence,,,,,,0,Reseau sentinelles
6,4,,2012-02-19,263557,incidence,,,,,,0,Reseau sentinelles
6,4,,2012-02-26,287293,incidence,,,,,,0,Reseau sentinelles
6,4,,2012-03-04,225648,incidence,,,,,,0,Reseau sentinelles
6,4,,2012-03-11,174704,incidence,,,,,,0,Reseau sentinelles
6,4,,2012-03-18,128945,incidence,,,,,,0,Reseau sentinelles
6,4,,2012-03-25,84738,incidence,,,,,,0,Reseau sentinelles
6,4,,2012-04-01,62917,incidence,,,,,,0,Reseau sentinelles
6,4,,2012-04-08,36740,incidence,,,,,,0,Reseau sentinelles
6,4,,2012-04-15,20437,incidence,,,,,,0,Reseau sentinelles
6,4,,2012-04-22,11455,incidence,,,,,,0,Reseau sentinelles
6,4,,2012-04-29,6982,incidence,,,,,,0,Reseau sentinelles
6,4,,2012-05-06,2328,incidence,,,,,,0,Reseau sentinelles
6,4,,2012-05-13,3267,incidence,,,,,,0,Reseau sentinelles
6,4,,2012-05-20,2731,incidence,,,,,,0,Reseau sentinelles
6,4,,2012-05-27,3722,incidence,,,,,,0,Reseau sentinelles
6,4,,2012-06-03,5772,incidence,,,,,,0,Reseau sentinelles
6,4,,2012-06-10,2361,incidence,,,,,,0,Reseau sentinelles
6,4,,2012-06-17,5977,incidence,,,,,,0,Reseau sentinelles
6,4,,2012-06-24,2669,incidence,,,,,,0,Reseau sentinelles
6,4,,2012-07-02,4819,incidence,,,,,,0,Reseau sentinelles
6,4,,2012-07-09,4162,incidence,,,,,,0,Reseau sentinelles
6,4,,2012-07-16,4628,incidence,,,,,,0,Reseau sentinelles
6,4,,2012-07-23,6329,incidence,,,,,,0,Reseau sentinelles
6,4,,2012-07-30,1834,incidence,,,,,,0,Reseau sentinelles
6,4,,2012-08-06,2696,incidence,,,,,,0,Reseau sentinelles
6,4,,2012-08-13,6381,incidence,,,,,,0,Reseau sentinelles
6,4,,2012-08-20,6492,incidence,,,,,,0,Reseau sentinelles
6,4,,2012-08-27,3858,incidence,,,,,,0,Reseau sentinelles
6,4,,2012-09-03,8277,incidence,,,,,,0,Reseau sentinelles
6,4,,2012-09-10,6384,incidence,,,,,,0,Reseau sentinelles
6,4,,2012-09-17,7775,incidence,,,,,,0,Reseau sentinelles
6,4,,2012-09-24,14715,incidence,,,,,,0,Reseau sentinelles
6,4,,2012-10-01,20257,incidence,,,,,,0,Reseau sentinelles
6,4,,2012-10-08,17873,incidence,,,,,,0,Reseau sentinelles
6,4,,2012-10-15,18675,incidence,,,,,,0,Reseau sentinelles
6,4,,2012-10-22,13096,incidence,,,,,,0,Reseau sentinelles
6,4,,2012-10-29,17791,incidence,,,,,,0,Reseau sentinelles
6,4,,2012-11-05,13106,incidence,,,,,,0,Reseau sentinelles
6,4,,2012-11-12,18893,incidence,,,,,,0,Reseau sentinelles
6,4,,2012-11-19,26436,incidence,,,,,,0,Reseau sentinelles
6,4,,2012-11-26,39223,incidence,,,,,,0,Reseau sentinelles
6,4,,2012-12-03,43006,incidence,,,,,,0,Reseau sentinelles
6,4,,2012-12-10,47537,incidence,,,,,,0,Reseau sentinelles
6,4,,2012-12-17,79918,incidence,,,,,,0,Reseau sentinelles
6,4,,2012-12-24,113901,incidence,,,,,,0,Reseau sentinelles
6,4,,2013-01-01,159290,incidence,,,,,,0,Reseau sentinelles
6,4,,2013-01-08,163491,incidence,,,,,,0,Reseau sentinelles
6,4,,2013-01-15,184159,incidence,,,,,,0,Reseau sentinelles
6,4,,2013-01-22,224661,incidence,,,,,,0,Reseau sentinelles
6,4,,2013-01-29,391525,incidence,,,,,,0,Reseau sentinelles
6,4,,2013-02-05,492026,incidence,,,,,,0,Reseau sentinelles
6,4,,2013-02-12,471647,incidence,,,,,,0,Reseau sentinelles
6,4,,2013-02-19,470076,incidence,,,,,,0,Reseau sentinelles
6,4,,2013-02-26,351626,incidence,,,,,,0,Reseau sentinelles
6,4,,2013-03-05,259984,incidence,,,,,,0,Reseau sentinelles
6,4,,2013-03-12,165558,incidence,,,,,,0,Reseau sentinelles
6,4,,2013-03-19,84308,incidence,,,,,,0,Reseau sentinelles
6,4,,2013-03-26,60822,incidence,,,,,,0,Reseau sentinelles
6,4,,2013-04-02,43236,incidence,,,,,,0,Reseau sentinelles
6,4,,2013-04-09,36855,incidence,,,,,,0,Reseau sentinelles
6,4,,2013-04-16,19357,incidence,,,,,,0,Reseau sentinelles
6,4,,2013-04-23,9520,incidence,,,,,,0,Reseau sentinelles
6,4,,2013-04-30,7941,incidence,,,,,,0,Reseau sentinelles
6,4,,2013-05-07,3415,incidence,,,,,,0,Reseau sentinelles
6,4,,2013-05-14,1166,incidence,,,,,,0,Reseau sentinelles
6,4,,2013-05-21,3831,incidence,,,,,,0,Reseau sentinelles
6,4,,2013-05-28,5974,incidence,,,,,,0,Reseau sentinelles
6,4,,2013-06-04,7245,incidence,,,,,,0,Reseau sentinelles
6,4,,2013-06-11,16094,incidence,,,,,,0,Reseau sentinelles
6,4,,2013-06-18,7245,incidence,,,,,,0,Reseau sentinelles
6,4,,2013-06-25,2735,incidence,,,,,,0,Reseau sentinelles
6,4,,2013-07-02,3488,incidence,,,,,,0,Reseau sentinelles
6,4,,2013-07-09,4278,incidence,,,,,,0,Reseau sentinelles
6,4,,2013-07-16,983,incidence,,,,,,0,Reseau sentinelles
6,4,,2013-07-23,1696,incidence,,,,,,0,Reseau sentinelles
6,4,,2013-07-30,2169,incidence,,,,,,0,Reseau sentinelles
6,4,,2013-08-06,2270,incidence,,,,,,0,Reseau sentinelles
6,4,,2013-08-13,4709,incidence,,,,,,0,Reseau sentinelles
6,4,,2013-08-20,4740,incidence,,,,,,0,Reseau sentinelles
6,4,,2013-08-27,1889,incidence,,,,,,0,Reseau sentinelles
6,4,,2013-09-03,1291,incidence,,,,,,0,Reseau sentinelles
6,4,,2013-09-10,4639,incidence,,,,,,0,Reseau sentinelles
6,4,,2013-09-17,5027,incidence,,,,,,0,Reseau sentinelles
6,4,,2013-09-24,9324,incidence,,,,,,0,Reseau sentinelles
6,4,,2013-10-01,5371,incidence,,,,,,0,Reseau sentinelles
6,4,,2013-10-08,9794,incidence,,,,,,0,Reseau sentinelles
6,4,,2013-10-15,12391,incidence,,,,,,0,Reseau sentinelles
6,4,,2013-10-22,14830,incidence,,,,,,0,Reseau sentinelles
6,4,,2013-10-29,15780,incidence,,,,,,0,Reseau sentinelles
6,4,,2013-11-05,10193,incidence,,,,,,0,Reseau sentinelles
6,4,,2013-11-12,10596,incidence,,,,,,0,Reseau sentinelles
6,4,,2013-11-19,13340,incidence,,,,,,0,Reseau sentinelles
6,4,,2013-11-26,22636,incidence,,,,,,0,Reseau sentinelles
6,4,,2013-12-03,17606,incidence,,,,,,0,Reseau sentinelles
6,4,,2013-12-10,18071,incidence,,,,,,0,Reseau sentinelles
6,4,,2013-12-17,24055,incidence,,,,,,0,Reseau sentinelles
6,4,,2013-12-24,29787,incidence,,,,,,0,Reseau sentinelles
6,4,,2014-01-01,30142,incidence,,,,,,0,Reseau sentinelles
6,4,,2014-01-08,35624,incidence,,,,,,0,Reseau sentinelles
6,4,,2014-01-15,46850,incidence,,,,,,0,Reseau sentinelles
6,4,,2014-01-22,64159,incidence,,,,,,0,Reseau sentinelles
6,4,,2014-01-29,85280,incidence,,,,,,0,Reseau sentinelles
6,4,,2014-02-05,120261,incidence,,,,,,0,Reseau sentinelles
6,4,,2014-02-12,160403,incidence,,,,,,0,Reseau sentinelles
6,4,,2014-02-19,208726,incidence,,,,,,0,Reseau sentinelles
6,4,,2014-02-26,188419,incidence,,,,,,0,Reseau sentinelles
6,4,,2014-03-05,147035,incidence,,,,,,0,Reseau sentinelles
6,4,,2014-03-12,86105,incidence,,,,,,0,Reseau sentinelles
6,4,,2014-03-19,44513,incidence,,,,,,0,Reseau sentinelles
6,4,,2014-03-26,23524,incidence,,,,,,0,Reseau sentinelles
6,4,,2014-04-02,21577,incidence,,,,,,0,Reseau sentinelles
6,4,,2014-04-09,19217,incidence,,,,,,0,Reseau sentinelles
6,4,,2014-04-16,10800,incidence,,,,,,0,Reseau sentinelles
6,4,,2014-04-23,7057,incidence,,,,,,0,Reseau sentinelles
6,4,,2014-04-30,2989,incidence,,,,,,0,Reseau sentinelles
6,4,,2014-05-07,4708,incidence,,,,,,0,Reseau sentinelles
6,4,,2014-05-14,3588,incidence,,,,,,0,Reseau sentinelles
6,4,,2014-05-21,5881,incidence,,,,,,0,Reseau sentinelles
6,4,,2014-05-28,4523,incidence,,,,,,0,Reseau sentinelles
6,4,,2014-06-04,6907,incidence,,,,,,0,Reseau sentinelles
6,4,,2014-06-11,5164,incidence,,,,,,0,Reseau sentinelles
6,4,,2014-06-18,2007,incidence,,,,,,0,Reseau sentinelles
6,4,,2014-06-25,4564,incidence,,,,,,0,Reseau sentinelles
6,4,,2014-07-02,3858,incidence,,,,,,0,Reseau sentinelles
6,4,,2014-07-09,4823,incidence,,,,,,0,Reseau sentinelles
6,4,,2014-07-16,4145,incidence,,,,,,0,Reseau sentinelles
6,4,,2014-07-23,5122,incidence,,,,,,0,Reseau sentinelles
6,4,,2014-07-30,4631,incidence,,,,,,0,Reseau sentinelles
6,4,,2014-08-06,4143,incidence,,,,,,0,Reseau sentinelles
6,4,,2014-08-13,3229,incidence,,,,,,0,Reseau sentinelles
6,4,,2014-08-20,2358,incidence,,,,,,0,Reseau sentinelles
6,4,,2014-08-27,2367,incidence,,,,,,0,Reseau sentinelles
6,4,,2014-09-03,2268,incidence,,,,,,0,Reseau sentinelles
6,4,,2014-09-10,5018,incidence,,,,,,0,Reseau sentinelles
6,4,,2014-09-17,7714,incidence,,,,,,0,Reseau sentinelles
6,4,,2014-09-24,10567,incidence,,,,,,0,Reseau sentinelles
6,4,,2014-10-01,8583,incidence,,,,,,0,Reseau sentinelles
6,4,,2014-10-08,16526,incidence,,,,,,0,Reseau sentinelles
6,4,,2014-10-15,22486,incidence,,,,,,0,Reseau sentinelles
6,4,,2014-10-22,21651,incidence,,,,,,0,Reseau sentinelles
6,4,,2014-10-29,16011,incidence,,,,,,0,Reseau sentinelles
6,4,,2014-11-05,15500,incidence,,,,,,0,Reseau sentinelles
6,4,,2014-11-12,16172,incidence,,,,,,0,Reseau sentinelles
6,4,,2014-11-19,14764,incidence,,,,,,0,Reseau sentinelles
6,4,,2014-11-26,18158,incidence,,,,,,0,Reseau sentinelles
6,4,,2014-12-03,28156,incidence,,,,,,0,Reseau sentinelles
6,4,,2014-12-10,33537,incidence,,,,,,0,Reseau sentinelles
6,4,,2014-12-17,42182,incidence,,,,,,0,Reseau sentinelles
6,4,,2014-12-24,45346,incidence,,,,,,0,Reseau sentinelles
6,4,,2015-01-01,63168,incidence,,,,,,0,Reseau sentinelles
6,4,,2015-01-08,70962,incidence,,,,,,0,Reseau sentinelles
6,4,,2015-01-15,104096,incidence,,,,,,0,Reseau sentinelles
6,4,,2015-01-22,153931,incidence,,,,,,0,Reseau sentinelles
6,4,,2015-01-29,292161,incidence,,,,,,0,Reseau sentinelles
6,4,,2015-02-05,457911,incidence,,,,,,0,Reseau sentinelles
6,4,,2015-02-12,533317,incidence,,,,,,0,Reseau sentinelles
6,4,,2015-02-19,517750,incidence,,,,,,0,Reseau sentinelles
6,4,,2015-02-26,409972,incidence,,,,,,0,Reseau sentinelles
6,4,,2015-03-05,238947,incidence,,,,,,0,Reseau sentinelles
6,4,,2015-03-12,143931,incidence,,,,,,0,Reseau sentinelles
6,4,,2015-03-19,99295,incidence,,,,,,0,Reseau sentinelles
6,4,,2015-03-26,70024,incidence,,,,,,0,Reseau sentinelles
6,4,,2015-04-02,49563,incidence,,,,,,0,Reseau sentinelles
6,4,,2015-04-09,30940,incidence,,,,,,0,Reseau sentinelles
6,4,,2015-04-16,19458,incidence,,,,,,0,Reseau sentinelles
6,4,,2015-04-23,12098,incidence,,,,,,0,Reseau sentinelles
6,4,,2015-04-30,6382,incidence,,,,,,0,Reseau sentinelles
6,4,,2015-05-07,3664,incidence,,,,,,0,Reseau sentinelles
6,4,,2015-05-14,6307,incidence,,,,,,0,Reseau sentinelles
6,4,,2015-05-21,4594,incidence,,,,,,0,Reseau sentinelles
6,4,,2015-05-28,5547,incidence,,,,,,0,Reseau sentinelles
6,4,,2015-06-04,4262,incidence,,,,,,0,Reseau sentinelles
6,4,,2015-06-11,2702,incidence,,,,,,0,Reseau sentinelles
6,4,,2015-06-18,2849,incidence,,,,,,0,Reseau sentinelles
6,4,,2015-06-25,2607,incidence,,,,,,0,Reseau sentinelles
6,4,,2015-07-02,2536,incidence,,,,,,0,Reseau sentinelles
6,4,,2015-07-09,2257,incidence,,,,,,0,Reseau sentinelles
6,4,,2015-07-16,2089,incidence,,,,,,0,Reseau sentinelles
6,4,,2015-07-23,2389,incidence,,,,,,0,Reseau sentinelles
6,4,,2015-07-30,2447,incidence,,,,,,0,Reseau sentinelles
6,4,,2015-08-06,2845,incidence,,,,,,0,Reseau sentinelles
6,4,,2015-08-13,1594,incidence,,,,,,0,Reseau sentinelles
6,4,,2015-08-20,1537,incidence,,,,,,0,Reseau sentinelles
6,4,,2015-08-27,760,incidence,,,,,,0,Reseau sentinelles
6,4,,2015-09-03,229,incidence,,,,,,0,Reseau sentinelles
6,4,,2015-09-10,1922,incidence,,,,,,0,Reseau sentinelles
6,4,,2015-09-17,8817,incidence,,,,,,0,Reseau sentinelles
6,4,,2015-09-24,8402,incidence,,,,,,0,Reseau sentinelles
6,4,,2015-10-01,8595,incidence,,,,,,0,Reseau sentinelles
6,4,,2015-10-08,13100,incidence,,,,,,0,Reseau sentinelles
6,4,,2015-10-15,13585,incidence,,,,,,0,Reseau sentinelles
6,4,,2015-10-22,18675,incidence,,,,,,0,Reseau sentinelles
6,4,,2015-10-29,16749,incidence,,,,,,0,Reseau sentinelles
6,4,,2015-11-05,14596,incidence,,,,,,0,Reseau sentinelles
6,4,,2015-11-12,13577,incidence,,,,,,0,Reseau sentinelles
6,4,,2015-11-19,12599,incidence,,,,,,0,Reseau sentinelles
6,4,,2015-11-26,14959,incidence,,,,,,0,Reseau sentinelles
6,4,,2015-12-03,16428,incidence,,,,,,0,Reseau sentinelles
6,4,,2015-12-10,21479,incidence,,,,,,0,Reseau sentinelles
6,4,,2015-12-17,25043,incidence,,,,,,0,Reseau sentinelles
6,4,,2015-12-24,29080,incidence,,,,,,0,Reseau sentinelles
6,4,,2016-01-01,19495,incidence,,,,,,0,Reseau sentinelles
6,4,,2016-01-08,24835,incidence,,,,,,0,Reseau sentinelles
6,4,,2016-01-08,42263,incidence,,,,,,0,Reseau sentinelles
6,4,,2016-01-15,44617,incidence,,,,,,0,Reseau sentinelles
6,4,,2016-01-22,75277,incidence,,,,,,0,Reseau sentinelles
6,4,,2016-01-29,148473,incidence,,,,,,0,Reseau sentinelles
6,4,,2016-02-05,178963,incidence,,,,,,0,Reseau sentinelles
6,4,,2016-02-12,196143,incidence,,,,,,0,Reseau sentinelles
6,4,,2016-02-19,207359,incidence,,,,,,0,Reseau sentinelles
6,4,,2016-02-26,195067,incidence,,,,,,0,Reseau sentinelles
6,4,,2016-03-04,230690,incidence,,,,,,0,Reseau sentinelles
6,4,,2016-03-11,276796,incidence,,,,,,0,Reseau sentinelles