 ,1996-12-23,1,incidence,,,,,,6,9,0,not recorded
 ,1996-12-30,1,incidence,,,,,,6,9,0,not recorded
 ,1997-01-06,0,incidence,,,,,,6,9,0,not recorded
 ,1997-01-13,0,incidence,,,,,,6,9,0,not recorded
 ,1997-01-20,0,incidence,,,,,,6,9,0,not recorded
 ,1997-01-27,0,incidence,,,,,,6,9,0,not recorded
 ,1997-02-03,0,incidence,,,,,,6,9,0,not recorded
 ,1997-02-10,0,incidence,,,,,,6,9,0,not recorded
 ,1997-02-17,2,incidence,,,,,,6,9,0,not recorded
 ,1997-02-24,0,incidence,,,,,,6,9,0,not recorded
 ,1997-03-03,0,incidence,,,,,,6,9,0,not recorded
 ,1997-03-10,0,incidence,,,,,,6,9,0,not recorded
 ,1997-03-17,0,incidence,,,,,,6,9,0,not recorded
 ,1997-03-24,0,incidence,,,,,,6,9,0,not recorded
 ,1997-03-31,0,incidence,,,,,,6,9,0,not recorded
 ,1997-04-07,1,incidence,,,,,,6,9,0,not recorded
 ,1997-04-14,0,incidence,,,,,,6,9,0,not recorded
 ,1997-04-21,0,incidence,,,,,,6,9,0,not recorded
 ,1997-04-28,0,incidence,,,,,,6,9,0,not recorded
 ,1997-05-05,0,incidence,,,,,,6,9,0,not recorded
 ,1997-05-12,5,incidence,,,,,,6,9,0,not recorded
 ,1997-05-19,0,incidence,,,,,,6,9,0,not recorded
 ,1997-05-26,2,incidence,,,,,,6,9,0,not recorded
 ,1997-06-02,8,incidence,,,,,,6,9,0,not recorded
 ,1997-06-09,2,incidence,,,,,,6,9,0,not recorded
 ,1997-06-16,8,incidence,,,,,,6,9,0,not recorded
 ,1997-06-23,16,incidence,,,,,,6,9,0,not recorded
 ,1997-06-30,12,incidence,,,,,,6,9,0,not recorded
 ,1997-07-07,10,incidence,,,,,,6,9,0,not recorded
 ,1997-07-14,12,incidence,,,,,,6,9,0,not recorded
 ,1997-07-21,7,incidence,,,,,,6,9,0,not recorded
 ,1997-07-28,10,incidence,,,,,,6,9,0,not recorded
 ,1997-08-04,8,incidence,,,,,,6,9,0,not recorded
 ,1997-08-11,12,incidence,,,,,,6,9,0,not recorded
 ,1997-08-18,9,incidence,,,,,,6,9,0,not recorded
 ,1997-08-25,2,incidence,,,,,,6,9,0,not recorded
 ,1997-09-01,4,incidence,,,,,,6,9,0,not recorded
 ,1997-09-08,1,incidence,,,,,,6,9,0,not recorded
 ,1997-09-15,2,incidence,,,,,,6,9,0,not recorded
 ,1997-09-22,0,incidence,,,,,,6,9,0,not recorded
 ,1997-09-29,0,incidence,,,,,,6,9,0,not recorded
 ,1997-10-06,0,incidence,,,,,,6,9,0,not recorded
 ,1997-10-13,0,incidence,,,,,,6,9,0,not recorded
 ,1997-10-20,0,incidence,,,,,,6,9,0,not recorded
 ,1997-10-27,0,incidence,,,,,,6,9,0,not recorded
 ,1997-11-03,0,incidence,,,,,,6,9,0,not recorded
 ,1997-11-10,0,incidence,,,,,,6,9,0,not recorded
 ,1997-11-17,1,incidence,,,,,,6,9,0,not recorded
 ,1997-11-24,0,incidence,,,,,,6,9,0,not recorded
 ,1997-12-01,0,incidence,,,,,,6,9,0,not recorded
 ,1997-12-08,0,incidence,,,,,,6,9,0,not recorded
 ,1997-12-15,6,incidence,,,,,,6,9,0,not recorded
 ,1997-12-22,0,incidence,,,,,,6,9,0,not recorded
 ,1997-12-29,0,incidence,,,,,,6,9,0,not recorded
 ,1998-01-05,0,incidence,,,,,,6,9,0,not recorded
 ,1998-01-12,0,incidence,,,,,,6,9,0,not recorded
 ,1998-01-19,0,incidence,,,,,,6,9,0,not recorded
 ,1998-01-26,0,incidence,,,,,,6,9,0,not recorded
 ,1998-02-02,0,incidence,,,,,,6,9,0,not recorded
 ,1998-02-09,0,incidence,,,,,,6,9,0,not recorded
 ,1998-02-16,0,incidence,,,,,,6,9,0,not recorded
 ,1998-02-23,0,incidence,,,,,,6,9,0,not recorded
 ,1998-03-02,0,incidence,,,,,,6,9,0,not recorded
 ,1998-03-09,0,incidence,,,,,,6,9,0,not recorded
 ,1998-03-16,0,incidence,,,,,,6,9,0,not recorded
 ,1998-03-23,0,incidence,,,,,,6,9,0,not recorded
 ,1998-03-30,0,incidence,,,,,,6,9,0,not recorded
 ,1998-04-06,0,incidence,,,,,,6,9,0,not recorded
 ,1998-04-13,0,incidence,,,,,,6,9,0,not recorded
 ,1998-04-20,0,incidence,,,,,,6,9,0,not recorded
 ,1998-04-27,1,incidence,,,,,,6,9,0,not recorded
 ,1998-05-04,2,incidence,,,,,,6,9,0,not recorded
 ,1998-05-11,1,incidence,,,,,,6,9,0,not recorded
 ,1998-05-18,4,incidence,,,,,,6,9,0,not recorded
 ,1998-05-25,7,incidence,,,,,,6,9,0,not recorded
 ,1998-06-01,7,incidence,,,,,,6,9,0,not recorded
 ,1998-06-08,18,incidence,,,,,,6,9,0,not recorded
 ,1998-06-15,15,incidence,,,,,,6,9,0,not recorded
 ,1998-06-22,21,incidence,,,,,,6,9,0,not recorded
 ,1998-06-29,22,incidence,,,,,,6,9,0,not recorded
 ,1998-07-06,39,incidence,,,,,,6,9,0,not recorded
 ,1998-07-13,47,incidence,,,,,,6,9,0,not recorded
 ,1998-07-20,38,incidence,,,,,,6,9,0,not recorded
 ,1998-07-27,32,incidence,,,,,,6,9,0,not recorded
 ,1998-08-03,70,incidence,,,,,,6,9,0,not recorded
 ,1998-08-10,27,incidence,,,,,,6,9,0,not recorded
 ,1998-08-17,33,incidence,,,,,,6,9,0,not recorded
 ,1998-08-24,45,incidence,,,,,,6,9,0,not recorded
 ,1998-08-31,28,incidence,,,,,,6,9,0,not recorded
 ,1998-09-07,18,incidence,,,,,,6,9,0,not recorded
 ,1998-09-14,6,incidence,,,,,,6,9,0,not recorded
 ,1998-09-21,1,incidence,,,,,,6,9,0,not recorded
 ,1998-09-28,2,incidence,,,,,,6,9,0,not recorded
 ,1998-10-05,1,incidence,,,,,,6,9,0,not recorded
 ,1998-10-12,1,incidence,,,,,,6,9,0,not recorded
 ,1998-10-19,0,incidence,,,,,,6,9,0,not recorded
 ,1998-10-26,3,incidence,,,,,,6,9,0,not recorded
 ,1998-11-02,0,incidence,,,,,,6,9,0,not recorded
 ,1998-11-09,0,incidence,,,,,,6,9,0,not recorded
 ,1998-11-16,0,incidence,,,,,,6,9,0,not recorded
 ,1998-11-23,0,incidence,,,,,,6,9,0,not recorded
 ,1998-11-30,1,incidence,,,,,,6,9,0,not recorded
 ,1998-12-07,0,incidence,,,,,,6,9,0,not recorded
 ,1998-12-14,0,incidence,,,,,,6,9,0,not recorded
 ,1998-12-21,1,incidence,,,,,,6,9,0,not recorded
 ,1999-01-04,3,incidence,,,,,,6,9,0,not recorded
 ,1999-01-11,0,incidence,,,,,,6,9,0,not recorded
 ,1999-01-18,1,incidence,,,,,,6,9,0,not recorded
 ,1999-01-25,1,incidence,,,,,,6,9,0,not recorded
 ,1999-02-01,0,incidence,,,,,,6,9,0,not recorded
 ,1999-02-08,5,incidence,,,,,,6,9,0,not recorded
 ,1999-02-15,3,incidence,,,,,,6,9,0,not recorded
 ,1999-02-22,2,incidence,,,,,,6,9,0,not recorded
 ,1999-03-01,0,incidence,,,,,,6,9,0,not recorded
 ,1999-03-08,0,incidence,,,,,,6,9,0,not recorded
 ,1999-03-15,0,incidence,,,,,,6,9,0,not recorded
 ,1999-03-22,0,incidence,,,,,,6,9,0,not recorded
 ,1999-03-29,0,incidence,,,,,,6,9,0,not recorded
 ,1999-04-05,3,incidence,,,,,,6,9,0,not recorded
 ,1999-04-12,5,incidence,,,,,,6,9,0,not recorded
 ,1999-04-19,1,incidence,,,,,,6,9,0,not recorded
 ,1999-04-26,2,incidence,,,,,,6,9,0,not recorded
 ,1999-05-03,3,incidence,,,,,,6,9,0,not recorded
 ,1999-05-10,4,incidence,,,,,,6,9,0,not recorded
 ,1999-05-17,16,incidence,,,,,,6,9,0,not recorded
 ,1999-05-24,7,incidence,,,,,,6,9,0,not recorded
 ,1999-05-31,18,incidence,,,,,,6,9,0,not recorded
 ,1999-06-07,20,incidence,,,,,,6,9,0,not recorded
 ,1999-06-14,23,incidence,,,,,,6,9,0,not recorded
 ,1999-06-21,64,incidence,,,,,,6,9,0,not recorded
 ,1999-06-28,47,incidence,,,,,,6,9,0,not recorded
 ,1999-07-05,61,incidence,,,,,,6,9,0,not recorded
 ,1999-07-12,72,incidence,,,,,,6,9,0,not recorded
 ,1999-07-19,42,incidence,,,,,,6,9,0,not recorded
 ,1999-07-26,39,incidence,,,,,,6,9,0,not recorded
 ,1999-08-02,49,incidence,,,,,,6,9,0,not recorded
 ,1999-08-09,26,incidence,,,,,,6,9,0,not recorded
 ,1999-08-16,21,incidence,,,,,,6,9,0,not recorded
 ,1999-08-23,14,incidence,,,,,,6,9,0,not recorded
 ,1999-08-30,10,incidence,,,,,,6,9,0,not recorded
 ,1999-09-06,11,incidence,,,,,,6,9,0,not recorded
 ,1999-09-13,7,incidence,,,,,,6,9,0,not recorded
 ,1999-09-20,4,incidence,,,,,,6,9,0,not recorded
 ,1999-09-27,15,incidence,,,,,,6,9,0,not recorded
 ,1999-10-04,4,incidence,,,,,,6,9,0,not recorded
 ,1999-10-11,5,incidence,,,,,,6,9,0,not recorded
 ,1999-10-18,4,incidence,,,,,,6,9,0,not recorded
 ,1999-10-25,4,incidence,,,,,,6,9,0,not recorded
 ,1999-11-01,0,incidence,,,,,,6,9,0,not recorded
 ,1999-11-08,3,incidence,,,,,,6,9,0,not recorded
 ,1999-11-15,1,incidence,,,,,,6,9,0,not recorded
 ,1999-11-22,0,incidence,,,,,,6,9,0,not recorded
 ,1999-11-29,0,incidence,,,,,,6,9,0,not recorded
 ,1999-12-06,4,incidence,,,,,,6,9,0,not recorded
 ,1999-12-13,1,incidence,,,,,,6,9,0,not recorded
 ,1999-12-20,1,incidence,,,,,,6,9,0,not recorded
 ,1999-12-27,0,incidence,,,,,,6,9,0,not recorded
 ,2000-01-03,1,incidence,,,,,,6,9,0,not recorded
 ,2000-01-10,1,incidence,,,,,,6,9,0,not recorded
 ,2000-01-17,1,incidence,,,,,,6,9,0,not recorded
 ,2000-01-24,2,incidence,,,,,,6,9,0,not recorded
 ,2000-01-31,1,incidence,,,,,,6,9,0,not recorded
 ,2000-02-07,1,incidence,,,,,,6,9,0,not recorded
 ,2000-02-14,1,incidence,,,,,,6,9,0,not recorded
 ,2000-02-21,2,incidence,,,,,,6,9,0,not recorded
 ,2000-02-28,0,incidence,,,,,,6,9,0,not recorded
 ,2000-03-06,0,incidence,,,,,,6,9,0,not recorded
 ,2000-03-13,0,incidence,,,,,,6,9,0,not recorded
 ,2000-03-20,0,incidence,,,,,,6,9,0,not recorded
 ,2000-03-27,0,incidence,,,,,,6,9,0,not recorded
 ,2000-04-03,1,incidence,,,,,,6,9,0,not recorded
 ,2000-04-10,0,incidence,,,,,,6,9,0,not recorded
 ,2000-04-17,0,incidence,,,,,,6,9,0,not recorded
 ,2000-04-24,1,incidence,,,,,,6,9,0,not recorded
 ,2000-05-01,1,incidence,,,,,,6,9,0,not recorded
 ,2000-05-08,0,incidence,,,,,,6,9,0,not recorded
 ,2000-05-15,0,incidence,,,,,,6,9,0,not recorded
 ,2000-05-22,1,incidence,,,,,,6,9,0,not recorded
 ,2000-05-29,2,incidence,,,,,,6,9,0,not recorded
 ,2000-06-05,0,incidence,,,,,,6,9,0,not recorded
 ,2000-06-12,2,incidence,,,,,,6,9,0,not recorded
 ,2000-06-19,7,incidence,,,,,,6,9,0,not recorded
 ,2000-06-26,5,incidence,,,,,,6,9,0,not recorded
 ,2000-07-03,4,incidence,,,,,,6,9,0,not recorded
 ,2000-07-10,6,incidence,,,,,,6,9,0,not recorded
 ,2000-07-17,14,incidence,,,,,,6,9,0,not recorded
 ,2000-07-24,34,incidence,,,,,,6,9,0,not recorded
 ,2000-07-31,37,incidence,,,,,,6,9,0,not recorded
 ,2000-08-07,29,incidence,,,,,,6,9,0,not recorded
 ,2000-08-14,36,incidence,,,,,,6,9,0,not recorded
 ,2000-08-21,53,incidence,,,,,,6,9,0,not recorded
 ,2000-08-28,72,incidence,,,,,,6,9,0,not recorded
 ,2000-09-04,54,incidence,,,,,,6,9,0,not recorded
 ,2000-09-11,40,incidence,,,,,,6,9,0,not recorded
 ,2000-09-18,32,incidence,,,,,,6,9,0,not recorded
 ,2000-09-25,18,incidence,,,,,,6,9,0,not recorded
 ,2000-10-02,15,incidence,,,,,,6,9,0,not recorded
 ,2000-10-09,25,incidence,,,,,,6,9,0,not recorded
 ,2000-10-16,10,incidence,,,,,,6,9,0,not recorded
 ,2000-10-23,5,incidence,,,,,,6,9,0,not recorded
 ,2000-10-30,2,incidence,,,,,,6,9,0,not recorded
 ,2000-11-06,5,incidence,,,,,,6,9,0,not recorded
 ,2000-11-13,1,incidence,,,,,,6,9,0,not recorded
 ,2000-11-20,1,incidence,,,,,,6,9,0,not recorded
 ,2000-11-27,1,incidence,,,,,,6,9,0,not recorded
 ,2000-12-04,3,incidence,,,,,,6,9,0,not recorded
 ,2000-12-11,1,incidence,,,,,,6,9,0,not recorded
 ,2000-12-18,1,incidence,,,,,,6,9,0,not recorded
 ,2000-12-25,0,incidence,,,,,,6,9,0,not recorded
 ,2001-01-01,0,incidence,,,,,,6,9,0,not recorded
 ,2001-01-01,2,incidence,,,,,,6,9,0,not recorded
 ,2001-01-08,0,incidence,,,,,,6,9,0,not recorded
 ,2001-01-15,0,incidence,,,,,,6,9,0,not recorded
 ,2001-01-22,0,incidence,,,,,,6,9,0,not recorded
 ,2001-01-29,0,incidence,,,,,,6,9,0,not recorded
 ,2001-02-05,2,incidence,,,,,,6,9,0,not recorded
 ,2001-02-12,0,incidence,,,,,,6,9,0,not recorded
 ,2001-02-19,1,incidence,,,,,,6,9,0,not recorded
 ,2001-02-26,0,incidence,,,,,,6,9,0,not recorded
 ,2001-03-05,2,incidence,,,,,,6,9,0,not recorded
 ,2001-03-12,1,incidence,,,,,,6,9,0,not recorded
 ,2001-03-19,0,incidence,,,,,,6,9,0,not recorded
 ,2001-03-26,1,incidence,,,,,,6,9,0,not recorded
 ,2001-04-09,0,incidence,,,,,,6,9,0,not recorded
 ,2001-04-16,0,incidence,,,,,,6,9,0,not recorded
 ,2001-04-23,1,incidence,,,,,,6,9,0,not recorded
 ,2001-04-30,0,incidence,,,,,,6,9,0,not recorded
 ,2001-05-07,0,incidence,,,,,,6,9,0,not recorded
 ,2001-05-14,3,incidence,,,,,,6,9,0,not recorded
 ,2001-05-21,0,incidence,,,,,,6,9,0,not recorded
 ,2001-05-28,0,incidence,,,,,,6,9,0,not recorded
 ,2001-06-04,0,incidence,,,,,,6,9,0,not recorded
 ,2001-06-11,1,incidence,,,,,,6,9,0,not recorded
 ,2001-06-18,2,incidence,,,,,,6,9,0,not recorded
 ,2001-06-25,2,incidence,,,,,,6,9,0,not recorded
 ,2001-07-02,12,incidence,,,,,,6,9,0,not recorded
 ,2001-07-09,4,incidence,,,,,,6,9,0,not recorded
 ,2001-07-16,19,incidence,,,,,,6,9,0,not recorded
 ,2001-07-23,12,incidence,,,,,,6,9,0,not recorded
 ,2001-07-30,21,incidence,,,,,,6,9,0,not recorded
 ,2001-08-06,18,incidence,,,,,,6,9,0,not recorded
 ,2001-08-13,19,incidence,,,,,,6,9,0,not recorded
 ,2001-08-20,13,incidence,,,,,,6,9,0,not recorded
 ,2001-08-27,9,incidence,,,,,,6,9,0,not recorded
 ,2001-09-03,4,incidence,,,,,,6,9,0,not recorded
 ,2001-09-10,3,incidence,,,,,,6,9,0,not recorded
 ,2001-09-17,2,incidence,,,,,,6,9,0,not recorded
 ,2001-09-24,3,incidence,,,,,,6,9,0,not recorded
 ,2001-10-01,1,incidence,,,,,,6,9,0,not recorded
 ,2001-10-22,1,incidence,,,,,,6,9,0,not recorded
 ,2001-11-05,1,incidence,,,,,,6,9,0,not recorded
 ,2001-11-12,0,incidence,,,,,,6,9,0,not recorded
 ,2001-12-24,0,incidence,,,,,,6,9,0,not recorded
 ,2001-12-31,1,incidence,,,,,,6,9,0,not recorded
 ,2002-01-07,16,incidence,,,,,,6,9,0,not recorded
 ,2002-01-14,0,incidence,,,,,,6,9,0,not recorded
 ,2002-01-21,1,incidence,,,,,,6,9,0,not recorded
 ,2002-01-28,2,incidence,,,,,,6,9,0,not recorded
 ,2002-02-04,0,incidence,,,,,,6,9,0,not recorded
 ,2002-02-11,2,incidence,,,,,,6,9,0,not recorded
 ,2002-02-18,1,incidence,,,,,,6,9,0,not recorded
 ,2002-02-25,0,incidence,,,,,,6,9,0,not recorded
 ,2002-03-04,0,incidence,,,,,,6,9,0,not recorded
 ,2002-03-11,5,incidence,,,,,,6,9,0,not recorded
 ,2002-03-18,17,incidence,,,,,,6,9,0,not recorded
 ,2002-03-25,2,incidence,,,,,,6,9,0,not recorded
 ,2002-04-01,0,incidence,,,,,,6,9,0,not recorded
 ,2002-04-08,0,incidence,,,,,,6,9,0,not recorded
 ,2002-04-15,1,incidence,,,,,,6,9,0,not recorded
 ,2002-04-22,2,incidence,,,,,,6,9,0,not recorded
 ,2002-04-29,6,incidence,,,,,,6,9,0,not recorded
 ,2002-05-06,6,incidence,,,,,,6,9,0,not recorded
 ,2002-05-13,8,incidence,,,,,,6,9,0,not recorded
 ,2002-05-20,23,incidence,,,,,,6,9,0,not recorded
 ,2002-05-27,37,incidence,,,,,,6,9,0,not recorded
 ,2002-06-03,48,incidence,,,,,,6,9,0,not recorded
 ,2002-06-10,45,incidence,,,,,,6,9,0,not recorded
 ,2002-06-17,33,incidence,,,,,,6,9,0,not recorded
 ,2002-06-24,50,incidence,,,,,,6,9,0,not recorded
 ,2002-07-01,54,incidence,,,,,,6,9,0,not recorded
 ,2002-07-08,46,incidence,,,,,,6,9,0,not recorded
 ,2002-07-15,37,incidence,,,,,,6,9,0,not recorded
 ,2002-07-22,46,incidence,,,,,,6,9,0,not recorded
 ,2002-07-29,30,incidence,,,,,,6,9,0,not recorded
 ,2002-08-05,63,incidence,,,,,,6,9,0,not recorded
 ,2002-08-12,14,incidence,,,,,,6,9,0,not recorded
 ,2002-08-19,11,incidence,,,,,,6,9,0,not recorded
 ,2002-08-26,11,incidence,,,,,,6,9,0,not recorded
 ,2002-09-02,3,incidence,,,,,,6,9,0,not recorded
 ,2002-09-09,1,incidence,,,,,,6,9,0,not recorded
 ,2002-09-16,0,incidence,,,,,,6,9,0,not recorded
 ,2002-09-23,6,incidence,,,,,,6,9,0,not recorded
 ,2002-09-30,2,incidence,,,,,,6,9,0,not recorded
 ,2002-10-07,0,incidence,,,,,,6,9,0,not recorded
 ,2002-10-14,0,incidence,,,,,,6,9,0,not recorded
 ,2002-10-21,0,incidence,,,,,,6,9,0,not recorded
 ,2002-10-28,0,incidence,,,,,,6,9,0,not recorded
 ,2002-11-04,0,incidence,,,,,,6,9,0,not recorded
 ,2002-11-11,0,incidence,,,,,,6,9,0,not recorded
 ,2002-11-18,0,incidence,,,,,,6,9,0,not recorded
 ,2002-11-25,0,incidence,,,,,,6,9,0,not recorded
 ,2002-12-02,0,incidence,,,,,,6,9,0,not recorded
 ,2002-12-09,0,incidence,,,,,,6,9,0,not recorded
 ,2002-12-16,0,incidence,,,,,,6,9,0,not recorded
 ,2002-12-23,0,incidence,,,,,,6,9,0,not recorded
 ,2002-12-30,1,incidence,,,,,,6,9,0,not recorded
 ,2003-01-06,14,incidence,,,,,,6,9,0,not recorded
 ,2003-01-13,0,incidence,,,,,,6,9,0,not recorded
 ,2003-01-20,0,incidence,,,,,,6,9,0,not recorded
 ,2003-01-27,0,incidence,,,,,,6,9,0,not recorded
 ,2003-02-03,0,incidence,,,,,,6,9,0,not recorded
 ,2003-02-10,0,incidence,,,,,,6,9,0,not recorded
 ,2003-02-17,0,incidence,,,,,,6,9,0,not recorded
 ,2003-02-24,1,incidence,,,,,,6,9,0,not recorded
 ,2003-03-03,0,incidence,,,,,,6,9,0,not recorded
 ,2003-03-10,0,incidence,,,,,,6,9,0,not recorded
 ,2003-03-17,0,incidence,,,,,,6,9,0,not recorded
 ,2003-03-24,0,incidence,,,,,,6,9,0,not recorded
 ,2003-03-31,1,incidence,,,,,,6,9,0,not recorded
 ,2003-04-07,0,incidence,,,,,,6,9,0,not recorded
 ,2003-04-14,0,incidence,,,,,,6,9,0,not recorded
 ,2003-04-21,0,incidence,,,,,,6,9,0,not recorded
 ,2003-04-28,0,incidence,,,,,,6,9,0,not recorded
 ,2003-05-05,0,incidence,,,,,,6,9,0,not recorded
 ,2003-05-12,0,incidence,,,,,,6,9,0,not recorded
 ,2003-05-19,0,incidence,,,,,,6,9,0,not recorded
 ,2003-05-26,1,incidence,,,,,,6,9,0,not recorded
 ,2003-06-02,0,incidence,,,,,,6,9,0,not recorded
 ,2003-06-09,0,incidence,,,,,,6,9,0,not recorded
 ,2003-06-16,1,incidence,,,,,,6,9,0,not recorded
 ,2003-06-23,2,incidence,,,,,,6,9,0,not recorded
 ,2003-06-30,3,incidence,,,,,,6,9,0,not recorded
 ,2003-07-07,5,incidence,,,,,,6,9,0,not recorded
 ,2003-07-14,13,incidence,,,,,,6,9,0,not recorded
 ,2003-07-21,51,incidence,,,,,,6,9,0,not recorded
 ,2003-07-28,116,incidence,,,,,,6,9,0,not recorded
 ,2003-08-04,96,incidence,,,,,,6,9,0,not recorded
 ,2003-08-11,101,incidence,,,,,,6,9,0,not recorded
 ,2003-08-18,108,incidence,,,,,,6,9,0,not recorded
 ,2003-08-25,53,incidence,,,,,,6,9,0,not recorded
 ,2003-09-01,57,incidence,,,,,,6,9,0,not recorded
 ,2003-09-08,45,incidence,,,,,,6,9,0,not recorded
 ,2003-09-15,21,incidence,,,,,,6,9,0,not recorded
 ,2003-09-22,9,incidence,,,,,,6,9,0,not recorded
 ,2003-09-29,6,incidence,,,,,,6,9,0,not recorded
 ,2003-10-06,5,incidence,,,,,,6,9,0,not recorded
 ,2003-10-13,4,incidence,,,,,,6,9,0,not recorded
 ,2003-10-20,2,incidence,,,,,,6,9,0,not recorded
 ,2003-10-27,1,incidence,,,,,,6,9,0,not recorded
 ,2003-11-03,0,incidence,,,,,,6,9,0,not recorded
 ,2003-11-10,0,incidence,,,,,,6,9,0,not recorded
 ,2003-11-17,0,incidence,,,,,,6,9,0,not recorded
 ,2003-11-24,0,incidence,,,,,,6,9,0,not recorded
 ,2003-12-01,0,incidence,,,,,,6,9,0,not recorded
 ,2003-12-08,0,incidence,,,,,,6,9,0,not recorded
 ,2003-12-15,0,incidence,,,,,,6,9,0,not recorded
 ,2003-12-22,0,incidence,,,,,,6,9,0,not recorded
 ,2003-12-29,0,incidence,,,,,,6,9,0,not recorded
 ,2004-01-05,1,incidence,,,,,,6,9,0,not recorded
 ,2004-01-12,0,incidence,,,,,,6,9,0,not recorded
 ,2004-01-19,0,incidence,,,,,,6,9,0,not recorded
 ,2004-01-26,1,incidence,,,,,,6,9,0,not recorded
 ,2004-02-02,1,incidence,,,,,,6,9,0,not recorded
 ,2004-02-09,0,incidence,,,,,,6,9,0,not recorded
 ,2004-02-16,0,incidence,,,,,,6,9,0,not recorded
 ,2004-02-23,1,incidence,,,,,,6,9,0,not recorded
 ,2004-03-01,0,incidence,,,,,,6,9,0,not recorded
 ,2004-03-08,0,incidence,,,,,,6,9,0,not recorded
 ,2004-03-15,0,incidence,,,,,,6,9,0,not recorded
 ,2004-03-22,0,incidence,,,,,,6,9,0,not recorded
 ,2004-03-29,0,incidence,,,,,,6,9,0,not recorded
 ,2004-04-05,0,incidence,,,,,,6,9,0,not recorded
 ,2004-04-12,0,incidence,,,,,,6,9,0,not recorded
 ,2004-04-19,0,incidence,,,,,,6,9,0,not recorded
 ,2004-04-26,0,incidence,,,,,,6,9,0,not recorded
 ,2004-05-03,0,incidence,,,,,,6,9,0,not recorded
 ,2004-05-10,0,incidence,,,,,,6,9,0,not recorded
 ,2004-05-17,0,incidence,,,,,,6,9,0,not recorded
 ,2004-05-24,0,incidence,,,,,,6,9,0,not recorded
 ,2004-05-31,0,incidence,,,,,,6,9,0,not recorded
 ,2004-06-07,2,incidence,,,,,,6,9,0,not recorded
 ,2004-06-14,0,incidence,,,,,,6,9,0,not recorded
 ,2004-06-21,0,incidence,,,,,,6,9,0,not recorded
 ,2004-06-28,1,incidence,,,,,,6,9,0,not recorded
 ,2004-07-05,4,incidence,,,,,,6,9,0,not recorded
 ,2004-07-12,9,incidence,,,,,,6,9,0,not recorded
 ,2004-07-19,6,incidence,,,,,,6,9,0,not recorded
 ,2004-07-26,6,incidence,,,,,,6,9,0,not recorded
 ,2004-08-02,9,incidence,,,,,,6,9,0,not recorded
 ,2004-08-09,10,incidence,,,,,,6,9,0,not recorded
 ,2004-08-16,21,incidence,,,,,,6,9,0,not recorded
 ,2004-08-23,27,incidence,,,,,,6,9,0,not recorded
 ,2004-08-30,15,incidence,,,,,,6,9,0,not recorded
 ,2004-09-06,24,incidence,,,,,,6,9,0,not recorded
 ,2004-09-13,17,incidence,,,,,,6,9,0,not recorded
 ,2004-09-20,16,incidence,,,,,,6,9,0,not recorded
 ,2004-09-27,13,incidence,,,,,,6,9,0,not recorded
 ,2004-10-04,8,incidence,,,,,,6,9,0,not recorded
 ,2004-10-11,7,incidence,,,,,,6,9,0,not recorded
 ,2004-10-18,6,incidence,,,,,,6,9,0,not recorded
 ,2004-10-25,3,incidence,,,,,,6,9,0,not recorded
 ,2004-11-01,2,incidence,,,,,,6,9,0,not recorded
 ,2004-11-08,7,incidence,,,,,,6,9,0,not recorded
 ,2004-11-15,3,incidence,,,,,,6,9,0,not recorded
 ,2004-11-22,1,incidence,,,,,,6,9,0,not recorded
 ,2004-11-29,1,incidence,,,,,,6,9,0,not recorded
 ,2004-12-06,2,incidence,,,,,,6,9,0,not recorded
 ,2004-12-13,0,incidence,,,,,,6,9,0,not recorded
 ,2004-12-20,2,incidence,,,,,,6,9,0,not recorded
 ,2004-12-27,0,incidence,,,,,,6,9,0,not recorded
 ,2005-01-03,1,incidence,,,,,,6,9,0,not recorded
 ,2005-01-10,0,incidence,,,,,,6,9,0,not recorded
 ,2005-01-17,0,incidence,,,,,,6,9,0,not recorded
 ,2005-01-24,0,incidence,,,,,,6,9,0,not recorded
 ,2005-01-31,0,incidence,,,,,,6,9,0,not recorded
 ,2005-02-07,1,incidence,,,,,,6,9,0,not recorded
 ,2005-02-14,0,incidence,,,,,,6,9,0,not recorded
 ,2005-02-21,0,incidence,,,,,,6,9,0,not recorded
 ,2005-02-28,1,incidence,,,,,,6,9,0,not recorded
 ,2005-03-07,0,incidence,,,,,,6,9,0,not recorded
 ,2005-03-14,0,incidence,,,,,,6,9,0,not recorded
 ,2005-03-21,0,incidence,,,,,,6,9,0,not recorded
 ,2005-03-28,0,incidence,,,,,,6,9,0,not recorded
 ,2005-04-04,0,incidence,,,,,,6,9,0,not recorded
 ,2005-04-11,0,incidence,,,,,,6,9,0,not recorded
 ,2005-04-18,3,incidence,,,,,,6,9,0,not recorded
 ,2005-04-25,1,incidence,,,,,,6,9,0,not recorded
 ,2005-05-02,3,incidence,,,,,,6,9,0,not recorded
 ,2005-05-09,1,incidence,,,,,,6,9,0,not recorded
 ,2005-05-16,5,incidence,,,,,,6,9,0,not recorded
 ,2005-05-23,5,incidence,,,,,,6,9,0,not recorded
 ,2005-05-30,13,incidence,,,,,,6,9,0,not recorded
 ,2005-06-06,28,incidence,,,,,,6,9,0,not recorded
 ,2005-06-13,19,incidence,,,,,,6,9,0,not recorded
 ,2005-06-20,54,incidence,,,,,,6,9,0,not recorded
 ,2005-06-27,59,incidence,,,,,,6,9,0,not recorded
 ,2005-07-04,81,incidence,,,,,,6,9,0,not recorded
 ,2005-07-11,53,incidence,,,,,,6,9,0,not recorded
 ,2005-07-18,68,incidence,,,,,,6,9,0,not recorded
 ,2005-07-25,68,incidence,,,,,,6,9,0,not recorded
 ,2005-08-01,43,incidence,,,,,,6,9,0,not recorded
 ,2005-08-08,40,incidence,,,,,,6,9,0,not recorded
 ,2005-08-15,30,incidence,,,,,,6,9,0,not recorded
 ,2005-08-22,35,incidence,,,,,,6,9,0,not recorded
 ,2005-08-29,38,incidence,,,,,,6,9,0,not recorded
 ,2005-09-05,22,incidence,,,,,,6,9,0,not recorded
 ,2005-09-12,12,incidence,,,,,,6,9,0,not recorded
 ,2005-09-19,7,incidence,,,,,,6,9,0,not recorded
 ,2005-09-26,6,incidence,,,,,,6,9,0,not recorded
 ,2005-10-03,5,incidence,,,,,,6,9,0,not recorded
 ,2005-10-10,3,incidence,,,,,,6,9,0,not recorded
 ,2005-10-17,1,incidence,,,,,,6,9,0,not recorded
 ,2005-10-24,3,incidence,,,,,,6,9,0,not recorded
 ,2005-10-31,1,incidence,,,,,,6,9,0,not recorded
 ,2005-11-07,1,incidence,,,,,,6,9,0,not recorded
 ,2005-11-14,1,incidence,,,,,,6,9,0,not recorded
 ,2006-01-02,0,incidence,,,,,,6,9,0,not recorded
 ,2006-01-09,0,incidence,,,,,,6,9,0,not recorded
 ,2006-01-16,1,incidence,,,,,,6,9,0,not recorded
 ,2006-01-23,1,incidence,,,,,,6,9,0,not recorded
 ,2006-01-30,0,incidence,,,,,,6,9,0,not recorded
 ,2006-02-06,0,incidence,,,,,,6,9,0,not recorded
 ,2006-02-13,0,incidence,,,,,,6,9,0,not recorded
 ,2006-02-20,0,incidence,,,,,,6,9,0,not recorded
 ,2006-02-27,0,incidence,,,,,,6,9,0,not recorded
 ,2006-03-06,1,incidence,,,,,,6,9,0,not recorded
 ,2006-03-13,0,incidence,,,,,,6,9,0,not recorded
 ,2006-03-20,0,incidence,,,,,,6,9,0,not recorded
 ,2006-03-27,1,incidence,,,,,,6,9,0,not recorded
 ,2006-04-03,0,incidence,,,,,,6,9,0,not recorded
 ,2006-04-10,0,incidence,,,,,,6,9,0,not recorded
 ,2006-04-17,0,incidence,,,,,,6,9,0,not recorded
 ,2006-04-24,0,incidence,,,,,,6,9,0,not recorded
 ,2006-05-01,0,incidence,,,,,,6,9,0,not recorded
 ,2006-05-08,0,incidence,,,,,,6,9,0,not recorded
 ,2006-05-15,4,incidence,,,,,,6,9,0,not recorded
 ,2006-05-22,2,incidence,,,,,,6,9,0,not recorded
 ,2006-05-29,0,incidence,,,,,,6,9,0,not recorded
 ,2006-06-05,2,incidence,,,,,,6,9,0,not recorded
 ,2006-06-12,2,incidence,,,,,,6,9,0,not recorded
 ,2006-06-19,6,incidence,,,,,,6,9,0,not recorded
 ,2006-06-26,4,incidence,,,,,,6,9,0,not recorded
 ,2006-07-03,8,incidence,,,,,,6,9,0,not recorded
 ,2006-07-10,16,incidence,,,,,,6,9,0,not recorded
 ,2006-07-17,20,incidence,,,,,,6,9,0,not recorded
 ,2006-07-24,26,incidence,,,,,,6,9,0,not recorded
 ,2006-07-31,26,incidence,,,,,,6,9,0,not recorded
 ,2006-08-07,29,incidence,,,,,,6,9,0,not recorded
 ,2006-08-14,30,incidence,,,,,,6,9,0,not recorded
 ,2006-08-21,28,incidence,,,,,,6,9,0,not recorded
 ,2006-08-28,14,incidence,,,,,,6,9,0,not recorded
 ,2006-09-04,12,incidence,,,,,,6,9,0,not recorded
 ,2006-09-11,9,incidence,,,,,,6,9,0,not recorded
 ,2006-09-18,1,incidence,,,,,,6,9,0,not recorded
 ,2006-09-25,4,incidence,,,,,,6,9,0,not recorded
 ,2006-10-02,1,incidence,,,,,,6,9,0,not recorded
 ,2006-10-09,2,incidence,,,,,,6,9,0,not recorded
 ,2006-10-16,0,incidence,,,,,,6,9,0,not recorded
 ,2006-10-23,0,incidence,,,,,,6,9,0,not recorded
 ,2006-10-30,2,incidence,,,,,,6,9,0,not recorded
 ,2006-11-06,1,incidence,,,,,,6,9,0,not recorded
 ,2006-11-13,2,incidence,,,,,,6,9,0,not recorded
 ,2006-11-20,1,incidence,,,,,,6,9,0,not recorded
 ,2006-11-27,1,incidence,,,,,,6,9,0,not recorded
 ,2006-12-04,0,incidence,,,,,,6,9,0,not recorded
 ,2006-12-11,0,incidence,,,,,,6,9,0,not recorded
 ,2006-12-18,2,incidence,,,,,,6,9,0,not recorded
 ,2006-12-25,0,incidence,,,,,,6,9,0,not recorded
 ,2007-01-01,0,incidence,,,,,,6,9,0,not recorded
 ,2007-01-08,3,incidence,,,,,,6,9,0,not recorded
 ,2007-01-15,1,incidence,,,,,,6,9,0,not recorded
 ,2007-01-22,1,incidence,,,,,,6,9,0,not recorded
 ,2007-01-29,1,incidence,,,,,,6,9,0,not recorded
 ,2007-02-05,0,incidence,,,,,,6,9,0,not recorded
 ,2007-02-12,0,incidence,,,,,,6,9,0,not recorded
 ,2007-02-19,1,incidence,,,,,,6,9,0,not recorded
 ,2007-02-26,2,incidence,,,,,,6,9,0,not recorded
 ,2007-03-05,1,incidence,,,,,,6,9,0,not recorded
 ,2007-03-12,1,incidence,,,,,,6,9,0,not recorded
 ,2007-03-19,0,incidence,,,,,,6,9,0,not recorded
 ,2007-03-26,1,incidence,,,,,,6,9,0,not recorded
 ,2007-04-02,1,incidence,,,,,,6,9,0,not recorded
 ,2007-04-09,0,incidence,,,,,,6,9,0,not recorded
 ,2007-04-16,1,incidence,,,,,,6,9,0,not recorded
 ,2007-04-23,2,incidence,,,,,,6,9,0,not recorded
 ,2007-04-30,0,incidence,,,,,,6,9,0,not recorded
 ,2007-05-07,0,incidence,,,,,,6,9,0,not recorded
 ,2007-05-14,1,incidence,,,,,,6,9,0,not recorded
 ,2007-05-21,4,incidence,,,,,,6,9,0,not recorded
 ,2007-05-28,6,incidence,,,,,,6,9,0,not recorded
 ,2007-06-04,4,incidence,,,,,,6,9,0,not recorded
 ,2007-06-11,4,incidence,,,,,,6,9,0,not recorded
 ,2007-06-18,14,incidence,,,,,,6,9,0,not recorded
 ,2007-06-25,25,incidence,,,,,,6,9,0,not recorded
 ,2007-07-02,51,incidence,,,,,,6,9,0,not recorded
 ,2007-07-09,139,incidence,,,,,,6,9,0,not recorded
 ,2007-07-16,131,incidence,,,,,,6,9,0,not recorded
 ,2007-07-23,158,incidence,,,,,,6,9,0,not recorded
 ,2007-07-30,147,incidence,,,,,,6,9,0,not recorded
 ,2007-08-06,157,incidence,,,,,,6,9,0,not recorded
 ,2007-08-13,160,incidence,,,,,,6,9,0,not recorded
 ,2007-08-20,127,incidence,,,,,,6,9,0,not recorded
 ,2007-08-27,64,incidence,,,,,,6,9,0,not recorded
 ,2007-09-03,55,incidence,,,,,,6,9,0,not recorded
 ,2007-09-10,28,incidence,,,,,,6,9,0,not recorded
 ,2007-09-17,15,incidence,,,,,,6,9,0,not recorded
 ,2007-09-24,19,incidence,,,,,,6,9,0,not recorded
 ,2007-10-01,2,incidence,,,,,,6,9,0,not recorded
 ,2007-10-08,3,incidence,,,,,,6,9,0,not recorded
 ,2007-10-15,5,incidence,,,,,,6,9,0,not recorded
 ,2007-10-22,1,incidence,,,,,,6,9,0,not recorded
 ,2007-10-29,2,incidence,,,,,,6,9,0,not recorded
 ,2007-11-05,3,incidence,,,,,,6,9,0,not recorded
 ,2007-11-12,2,incidence,,,,,,6,9,0,not recorded
 ,2007-11-19,3,incidence,,,,,,6,9,0,not recorded
 ,2007-11-26,3,incidence,,,,,,6,9,0,not recorded
 ,2007-12-03,3,incidence,,,,,,6,9,0,not recorded
 ,2007-12-10,1,incidence,,,,,,6,9,0,not recorded
 ,2007-12-17,2,incidence,,,,,,6,9,0,not recorded
 ,2007-12-24,0,incidence,,,,,,6,9,0,not recorded
 ,2007-12-31,1,incidence,,,,,,6,9,0,not recorded
 ,2008-01-07,0,incidence,,,,,,6,9,0,not recorded
 ,2008-01-14,2,incidence,,,,,,6,9,0,not recorded
 ,2008-01-21,1,incidence,,,,,,6,9,0,not recorded
 ,2008-01-28,1,incidence,,,,,,6,9,0,not recorded
 ,2008-02-04,1,incidence,,,,,,6,9,0,not recorded
 ,2008-02-11,2,incidence,,,,,,6,9,0,not recorded
 ,2008-02-18,0,incidence,,,,,,6,9,0,not recorded
 ,2008-02-25,0,incidence,,,,,,6,9,0,not recorded
 ,2008-03-03,5,incidence,,,,,,6,9,0,not recorded
 ,2008-03-10,0,incidence,,,,,,6,9,0,not recorded
 ,2008-03-17,2,incidence,,,,,,6,9,0,not recorded
 ,2008-03-24,3,incidence,,,,,,6,9,0,not recorded
 ,2008-03-31,1,incidence,,,,,,6,9,0,not recorded
 ,2008-04-07,2,incidence,,,,,,6,9,0,not recorded
 ,2008-04-14,0,incidence,,,,,,6,9,0,not recorded
 ,2008-04-21,0,incidence,,,,,,6,9,0,not recorded
 ,2008-04-28,1,incidence,,,,,,6,9,0,not recorded
 ,2008-05-05,2,incidence,,,,,,6,9,0,not recorded
 ,2008-05-12,4,incidence,,,,,,6,9,0,not recorded
 ,2008-05-19,4,incidence,,,,,,6,9,0,not recorded
 ,2008-05-26,11,incidence,,,,,,6,9,0,not recorded
 ,2008-06-02,6,incidence,,,,,,6,9,0,not recorded
 ,2008-06-09,8,incidence,,,,,,6,9,0,not recorded
 ,2008-06-16,6,incidence,,,,,,6,9,0,not recorded
 ,2008-06-23,5,incidence,,,,,,6,9,0,not recorded
 ,2008-06-30,4,incidence,,,,,,6,9,0,not recorded
 ,2008-07-07,13,incidence,,,,,,6,9,0,not recorded
 ,2008-07-14,8,incidence,,,,,,6,9,0,not recorded
 ,2008-07-21,13,incidence,,,,,,6,9,0,not recorded
 ,2008-07-28,16,incidence,,,,,,6,9,0,not recorded
 ,2008-08-04,24,incidence,,,,,,6,9,0,not recorded
 ,2008-08-11,27,incidence,,,,,,6,9,0,not recorded
 ,2008-08-18,82,incidence,,,,,,6,9,0,not recorded
 ,2008-08-25,104,incidence,,,,,,6,9,0,not recorded
 ,2008-09-01,86,incidence,,,,,,6,9,0,not recorded
 ,2008-09-08,97,incidence,,,,,,6,9,0,not recorded
 ,2008-09-15,72,incidence,,,,,,6,9,0,not recorded
 ,2008-09-22,53,incidence,,,,,,6,9,0,not recorded
 ,2008-09-29,30,incidence,,,,,,6,9,0,not recorded
 ,2008-10-06,22,incidence,,,,,,6,9,0,not recorded
 ,2008-10-13,9,incidence,,,,,,6,9,0,not recorded
 ,2008-10-20,13,incidence,,,,,,6,9,0,not recorded
 ,2008-10-27,7,incidence,,,,,,6,9,0,not recorded
 ,2008-11-03,6,incidence,,,,,,6,9,0,not recorded
 ,2008-11-10,5,incidence,,,,,,6,9,0,not recorded
 ,2008-11-17,1,incidence,,,,,,6,9,0,not recorded
 ,2008-11-24,3,incidence,,,,,,6,9,0,not recorded
 ,2008-12-01,2,incidence,,,,,,6,9,0,not recorded
 ,2008-12-08,0,incidence,,,,,,6,9,0,not recorded
 ,2008-12-15,2,incidence,,,,,,6,9,0,not recorded
 ,2008-12-22,1,incidence,,,,,,6,9,0,not recorded
 ,2008-12-29,1,incidence,,,,,,6,9,0,not recorded
 ,2009-01-05,1,incidence,,,,,,6,9,0,not recorded
 ,2009-01-12,1,incidence,,,,,,6,9,0,not recorded
 ,2009-01-19,3,incidence,,,,,,6,9,0,not recorded
 ,2009-01-26,0,incidence,,,,,,6,9,0,not recorded
 ,2009-02-02,0,incidence,,,,,,6,9,0,not recorded
 ,2009-02-09,2,incidence,,,,,,6,9,0,not recorded
 ,2009-02-16,2,incidence,,,,,,6,9,0,not recorded
 ,2009-02-23,0,incidence,,,,,,6,9,0,not recorded
 ,2009-03-02,4,incidence,,,,,,6,9,0,not recorded
 ,2009-03-09,2,incidence,,,,,,6,9,0,not recorded
 ,2009-03-16,4,incidence,,,,,,6,9,0,not recorded
 ,2009-03-23,1,incidence,,,,,,6,9,0,not recorded
 ,2009-03-30,0,incidence,,,,,,6,9,0,not recorded
 ,2009-04-06,5,incidence,,,,,,6,9,0,not recorded
 ,2009-04-13,0,incidence,,,,,,6,9,0,not recorded
 ,2009-04-20,2,incidence,,,,,,6,9,0,not recorded
 ,2009-04-27,19,incidence,,,,,,6,9,0,not recorded
 ,2009-05-04,13,incidence,,,,,,6,9,0,not recorded
 ,2009-05-11,5,incidence,,,,,,6,9,0,not recorded
 ,2009-05-18,9,incidence,,,,,,6,9,0,not recorded
 ,2009-05-25,22,incidence,,,,,,6,9,0,not recorded
 ,2009-06-01,45,incidence,,,,,,6,9,0,not recorded
 ,2009-06-08,112,incidence,,,,,,6,9,0,not recorded
 ,2009-06-15,111,incidence,,,,,,6,9,0,not recorded
 ,2009-06-22,108,incidence,,,,,,6,9,0,not recorded
 ,2009-06-29,150,incidence,,,,,,6,9,0,not recorded
 ,2009-07-06,542,incidence,,,,,,6,9,0,not recorded
 ,2009-07-13,727,incidence,,,,,,6,9,0,not recorded
 ,2009-07-20,841,incidence,,,,,,6,9,0,not recorded
 ,2009-07-27,606,incidence,,,,,,6,9,0,not recorded
 ,2009-08-03,607,incidence,,,,,,6,9,0,not recorded
 ,2009-08-10,512,incidence,,,,,,6,9,0,not recorded
 ,2009-08-17,203,incidence,,,,,,6,9,0,not recorded
 ,2009-08-24,135,incidence,,,,,,6,9,0,not recorded
 ,2009-08-31,113,incidence,,,,,,6,9,0,not recorded
 ,2009-09-07,63,incidence,,,,,,6,9,0,not recorded
 ,2009-09-14,28,incidence,,,,,,6,9,0,not recorded
 ,2009-09-21,27,incidence,,,,,,6,9,0,not recorded
 ,2009-09-28,18,incidence,,,,,,6,9,0,not recorded
 ,2009-10-05,16,incidence,,,,,,6,9,0,not recorded
 ,2009-10-12,6,incidence,,,,,,6,9,0,not recorded
 ,2009-10-19,2,incidence,,,,,,6,9,0,not recorded
 ,2009-10-26,4,incidence,,,,,,6,9,0,not recorded
 ,2009-11-02,6,incidence,,,,,,6,9,0,not recorded
 ,2009-11-09,7,incidence,,,,,,6,9,0,not recorded
 ,2009-11-16,3,incidence,,,,,,6,9,0,not recorded
 ,2009-11-23,5,incidence,,,,,,6,9,0,not recorded
 ,2009-11-30,6,incidence,,,,,,6,9,0,not recorded
 ,2009-12-07,5,incidence,,,,,,6,9,0,not recorded
 ,2009-12-14,3,incidence,,,,,,6,9,0,not recorded
 ,2009-12-21,0,incidence,,,,,,6,9,0,not recorded
 ,2009-12-28,0,incidence,,,,,,6,9,0,not recorded
 ,2010-01-04,2,incidence,,,,,,6,9,0,not recorded
 ,2010-01-11,1,incidence,,,,,,6,9,0,not recorded
 ,2010-01-18,1,incidence,,,,,,6,9,0,not recorded
 ,2010-01-25,0,incidence,,,,,,6,9,0,not recorded
 ,2010-02-01,1,incidence,,,,,,6,9,0,not recorded
 ,2010-02-08,1,incidence,,,,,,6,9,0,not recorded
 ,2010-02-15,0,incidence,,,,,,6,9,0,not recorded
 ,2010-02-22,4,incidence,,,,,,6,9,0,not recorded
 ,2010-03-01,3,incidence,,,,,,6,9,0,not recorded
 ,2010-03-08,1,incidence,,,,,,6,9,0,not recorded
 ,2010-03-15,1,incidence,,,,,,6,9,0,not recorded
 ,2010-03-22,2,incidence,,,,,,6,9,0,not recorded
 ,2010-03-29,0,incidence,,,,,,6,9,0,not recorded
 ,2010-04-05,0,incidence,,,,,,6,9,0,not recorded
 ,2010-04-12,4,incidence,,,,,,6,9,0,not recorded
 ,2010-04-19,2,incidence,,,,,,6,9,0,not recorded
 ,2010-04-26,6,incidence,,,,,,6,9,0,not recorded
 ,2010-05-03,1,incidence,,,,,,6,9,0,not recorded
 ,2010-05-10,3,incidence,,,,,,6,9,0,not recorded
 ,2010-05-17,4,incidence,,,,,,6,9,0,not recorded
 ,2010-05-24,4,incidence,,,,,,6,9,0,not recorded
 ,2010-05-31,3,incidence,,,,,,6,9,0,not recorded
 ,2010-06-07,1,incidence,,,,,,6,9,0,not recorded
 ,2010-06-14,5,incidence,,,,,,6,9,0,not recorded
 ,2010-06-21,12,incidence,,,,,,6,9,0,not recorded
 ,2010-06-28,18,incidence,,,,,,6,9,0,not recorded
 ,2010-07-05,14,incidence,,,,,,6,9,0,not recorded
 ,2010-07-12,15,incidence,,,,,,6,9,0,not recorded
 ,2010-07-19,15,incidence,,,,,,6,9,0,not recorded
 ,2010-07-26,31,incidence,,,,,,6,9,0,not recorded
 ,2010-08-02,39,incidence,,,,,,6,9,0,not recorded
 ,2010-08-09,44,incidence,,,,,,6,9,0,not recorded
 ,2010-08-16,60,incidence,,,,,,6,9,0,not recorded
 ,2010-08-23,64,incidence,,,,,,6,9,0,not recorded
 ,2010-08-30,78,incidence,,,,,,6,9,0,not recorded
 ,2010-09-06,77,incidence,,,,,,6,9,0,not recorded
 ,2010-09-13,56,incidence,,,,,,6,9,0,not recorded
 ,2010-09-20,105,incidence,,,,,,6,9,0,not recorded
 ,2010-09-27,92,incidence,,,,,,6,9,0,not recorded
 ,2010-10-04,97,incidence,,,,,,6,9,0,not recorded
 ,2010-10-11,52,incidence,,,,,,6,9,0,not recorded
 ,2010-10-18,50,incidence,,,,,,6,9,0,not recorded
 ,2010-10-25,54,incidence,,,,,,6,9,0,not recorded
 ,2010-11-01,47,incidence,,,,,,6,9,0,not recorded
 ,2010-11-08,29,incidence,,,,,,6,9,0,not recorded
 ,2010-11-15,14,incidence,,,,,,6,9,0,not recorded
 ,2010-11-22,23,incidence,,,,,,6,9,0,not recorded
 ,2010-11-29,19,incidence,,,,,,6,9,0,not recorded
 ,2010-12-06,20,incidence,,,,,,6,9,0,not recorded
 ,2010-12-13,23,incidence,,,,,,6,9,0,not recorded
 ,2010-12-20,29,incidence,,,,,,6,9,0,not recorded
 ,2010-12-27,25,incidence,,,,,,6,9,0,not recorded
 ,2011-01-03,21,incidence,,,,,,6,9,0,not recorded
 ,2011-01-10,18,incidence,,,,,,6,9,0,not recorded
 ,2011-01-17,22,incidence,,,,,,6,9,0,not recorded
 ,2011-01-24,9,incidence,,,,,,6,9,0,not recorded
 ,2011-01-31,16,incidence,,,,,,6,9,0,not recorded
 ,2011-02-07,19,incidence,,,,,,6,9,0,not recorded
 ,2011-02-14,22,incidence,,,,,,6,9,0,not recorded
 ,2011-02-21,35,incidence,,,,,,6,9,0,not recorded
 ,2011-02-28,23,incidence,,,,,,6,9,0,not recorded
 ,2011-03-07,34,incidence,,,,,,6,9,0,not recorded
 ,2011-03-14,18,incidence,,,,,,6,9,0,not recorded
 ,2011-03-21,12,incidence,,,,,,6,9,0,not recorded
 ,2011-03-28,17,incidence,,,,,,6,9,0,not recorded
 ,2011-04-04,7,incidence,,,,,,6,9,0,not recorded
 ,2011-04-11,10,incidence,,,,,,6,9,0,not recorded
 ,2011-04-18,9,incidence,,,,,,6,9,0,not recorded
 ,2011-04-25,4,incidence,,,,,,6,9,0,not recorded
 ,2011-05-02,7,incidence,,,,,,6,9,0,not recorded
 ,2011-05-09,2,incidence,,,,,,6,9,0,not recorded
 ,2011-05-16,5,incidence,,,,,,6,9,0,not recorded
 ,2011-05-23,6,incidence,,,,,,6,9,0,not recorded
 ,2011-05-30,2,incidence,,,,,,6,9,0,not recorded
 ,2011-06-06,5,incidence,,,,,,6,9,0,not recorded
 ,2011-06-13,10,incidence,,,,,,6,9,0,not recorded
 ,2011-06-20,29,incidence,,,,,,6,9,0,not recorded
 ,2011-06-27,23,incidence,,,,,,6,9,0,not recorded
 ,2011-07-04,38,incidence,,,,,,6,9,0,not recorded
 ,2011-07-11,63,incidence,,,,,,6,9,0,not recorded
 ,2011-07-18,76,incidence,,,,,,6,9,0,not recorded
 ,2011-07-25,99,incidence,,,,,,6,9,0,not recorded
 ,2011-08-01,91,incidence,,,,,,6,9,0,not recorded
 ,2011-08-08,132,incidence,,,,,,6,9,0,not recorded
 ,2011-08-15,107,incidence,,,,,,6,9,0,not recorded
 ,2011-08-22,134,incidence,,,,,,6,9,0,not recorded
 ,2011-08-29,119,incidence,,,,,,6,9,0,not recorded
 ,2011-09-05,130,incidence,,,,,,6,9,0,not recorded
 ,2011-09-12,113,incidence,,,,,,6,9,0,not recorded
 ,2011-09-19,114,incidence,,,,,,6,9,0,not recorded
 ,2011-09-26,106,incidence,,,,,,6,9,0,not recorded
 ,2011-10-03,77,incidence,,,,,,6,9,0,not recorded
 ,2011-10-10,67,incidence,,,,,,6,9,0,not recorded
 ,2011-10-17,33,incidence,,,,,,6,9,0,not recorded
 ,2011-10-24,13,incidence,,,,,,6,9,0,not recorded
 ,2011-10-31,17,incidence,,,,,,6,9,0,not recorded
 ,2011-11-07,20,incidence,,,,,,6,9,0,not recorded
 ,2011-11-14,22,incidence,,,,,,6,9,0,not recorded
 ,2011-11-21,19,incidence,,,,,,6,9,0,not recorded
 ,2011-11-28,19,incidence,,,,,,6,9,0,not recorded
 ,2011-12-05,16,incidence,,,,,,6,9,0,not recorded
 ,2011-12-12,7,incidence,,,,,,6,9,0,not recorded
 ,2011-12-19,3,incidence,,,,,,6,9,0,not recorded
 ,2011-12-26,29,incidence,,,,,,6,9,0,not recorded
 ,2012-01-02,7,incidence,,,,,,6,9,0,not recorded
 ,2012-01-09,5,incidence,,,,,,6,9,0,not recorded
 ,2012-01-16,21,incidence,,,,,,6,9,0,not recorded
 ,2012-01-23,11,incidence,,,,,,6,9,0,not recorded
 ,2012-01-30,5,incidence,,,,,,6,9,0,not recorded
 ,2012-02-06,8,incidence,,,,,,6,9,0,not recorded
 ,2012-02-13,12,incidence,,,,,,6,9,0,not recorded
 ,2012-02-20,13,incidence,,,,,,6,9,0,not recorded
 ,2012-02-27,19,incidence,,,,,,6,9,0,not recorded
 ,2012-03-05,14,incidence,,,,,,6,9,0,not recorded
 ,2012-03-12,31,incidence,,,,,,6,9,0,not recorded
 ,2012-03-19,21,incidence,,,,,,6,9,0,not recorded
 ,2012-03-26,22,incidence,,,,,,6,9,0,not recorded
 ,2012-04-02,13,incidence,,,,,,6,9,0,not recorded
 ,2012-04-09,15,incidence,,,,,,6,9,0,not recorded
 ,2012-04-16,20,incidence,,,,,,6,9,0,not recorded
 ,2012-04-23,17,incidence,,,,,,6,9,0,not recorded
 ,2012-04-30,24,incidence,,,,,,6,9,0,not recorded
 ,2012-05-07,19,incidence,,,,,,6,9,0,not recorded
 ,2012-05-14,27,incidence,,,,,,6,9,0,not recorded
 ,2012-05-21,38,incidence,,,,,,6,9,0,not recorded
 ,2012-05-28,41,incidence,,,,,,6,9,0,not recorded
 ,2012-06-04,74,incidence,,,,,,6,9,0,not recorded
 ,2012-06-11,118,incidence,,,,,,6,9,0,not recorded
 ,2012-06-18,125,incidence,,,,,,6,9,0,not recorded
 ,2012-06-25,254,incidence,,,,,,6,9,0,not recorded
 ,2012-07-02,354,incidence,,,,,,6,9,0,not recorded
 ,2012-07-09,439,incidence,,,,,,6,9,0,not recorded
 ,2012-07-16,391,incidence,,,,,,6,9,0,not recorded
 ,2012-07-23,433,incidence,,,,,,6,9,0,not recorded
 ,2012-07-30,435,incidence,,,,,,6,9,0,not recorded
 ,2012-08-06,388,incidence,,,,,,6,9,0,not recorded
 ,2012-08-13,385,incidence,,,,,,6,9,0,not recorded
 ,2012-08-20,287,incidence,,,,,,6,9,0,not recorded
 ,2012-08-27,250,incidence,,,,,,6,9,0,not recorded
 ,2012-09-03,139,incidence,,,,,,6,9,0,not recorded
 ,2012-09-10,109,incidence,,,,,,6,9,0,not recorded
 ,2012-09-17,72,incidence,,,,,,6,9,0,not recorded
 ,2012-09-24,32,incidence,,,,,,6,9,0,not recorded
 ,2012-10-01,24,incidence,,,,,,6,9,0,not recorded
 ,2012-10-08,17,incidence,,,,,,6,9,0,not recorded
 ,2012-10-15,15,incidence,,,,,,6,9,0,not recorded
 ,2012-10-22,7,incidence,,,,,,6,9,0,not recorded
 ,2012-10-29,2,incidence,,,,,,6,9,0,not recorded
 ,2012-11-05,13,incidence,,,,,,6,9,0,not recorded
 ,2012-11-12,11,incidence,,,,,,6,9,0,not recorded
 ,2012-11-19,2,incidence,,,,,,6,9,0,not recorded
 ,2012-11-26,4,incidence,,,,,,6,9,0,not recorded
 ,2012-12-03,7,incidence,,,,,,6,9,0,not recorded
 ,2012-12-10,2,incidence,,,,,,6,9,0,not recorded
 ,2012-12-17,5,incidence,,,,,,6,9,0,not recorded
 ,2012-12-24,1,incidence,,,,,,6,9,0,not recorded
 ,2012-12-31,8,incidence,,,,,,6,9,0,not recorded
 ,2013-01-07,13,incidence,,,,,,6,9,0,not recorded
 ,2013-01-14,17,incidence,,,,,,6,9,0,not recorded
 ,2013-01-21,15,incidence,,,,,,6,9,0,not recorded
 ,2013-01-28,13,incidence,,,,,,6,9,0,not recorded
 ,2013-02-04,18,incidence,,,,,,6,9,0,not recorded
 ,2013-02-11,17,incidence,,,,,,6,9,0,not recorded
 ,2013-02-18,10,incidence,,,,,,6,9,0,not recorded
 ,2013-02-25,16,incidence,,,,,,6,9,0,not recorded
 ,2013-03-04,15,incidence,,,,,,6,9,0,not recorded
 ,2013-03-11,21,incidence,,,,,,6,9,0,not recorded
 ,2013-03-18,27,incidence,,,,,,6,9,0,not recorded
 ,2013-03-25,7,incidence,,,,,,6,9,0,not recorded
 ,2013-12-02,1,incidence,,,,,,6,9,0,not recorded
 ,2013-12-09,1,incidence,,,,,,6,9,0,not recorded
 ,2013-12-16,2,incidence,,,,,,6,9,0,not recorded
 ,2013-12-23,1,incidence,,,,,,6,9,0,not recorded